,title,description,title_label,description_label
0, 엠트론 아프리카  등  한파 뚫고 신입채용 계속,이르면 내달부터 신입사원으로서 입사가 가능한 만큼  취업준비생이라면 연말 접수에 속도를 내볼 것을 추천한다  취업포털 인크루트가 이달 모집중인 주요기업 대졸신입 및 인턴 채용소식을  일 안내한다  먼저 ,1,1
1, 학과 학과 신입생 선호도 건대 화공  취업률은 경희대 앞서,대학 간 비교 시에는 졸업 후 취업률  중도탈락률  신입생 충원율 등 정량 지표를 주로 활용  객관성을 유지할 계획이다  수험생에게 어느 한 쪽으로 치우치지 않는 정보를 제공해 대학 선택에 도움을 주기 위해서다 ,1,0
2,한국공항공사  신입사원 채용   비대면 화상면접 실시,정규직 신입사원 선발을 위한   비대면 화상면접을 진행한다  이는 코로나  확산세가 지속되고 있는  얼어붙은 이때 한국공항공사가 취업준비생들에게 도움이 될 수 있도록 최선을 다할 계획 이라고 밝혔다 ,1,1
3, 대  뚫고도  년째 입사대기 제주항공 신입  명의 눈물, 는  제주항공에서 언제 부를지 모르고  고용 한파가 부는 상황에서 다시 취업 전선에 뛰어들기도 막막하다 며  지난해 비슷한 시기에 채용된 아시아나항공의 신입 인력은 입사 후 휴직으로 전환됐다  그들처럼 ,1,1
4,선문대  신입생 대상  언택트 예비 대학  운영,예비 신입생들은 교수와 선배로부터 학과 교과 과정  진로  취업 등에 대한 조언을 얻을 수 있다  또 학과 교수가 직접 참여하는 일대일 실시간 상담을 통해 입학부터 대학 생활  졸업 후 취업까지 궁금한 점을 상담받을 수 ,0,1
5,호원대 취업지원실  진로또래멘토링 수기 공모전 시상식 개최,고재선 취업지원실장 소방안전학과 교수 은  코로나 로 다양한 학교생활을 경험하지 못한 신입생들에게 많은 도움이 됐을 것이다  재학생들이 지지적인 관계를 형성하고 진로 고민을 나눌 방안을 계속해서 모색할 것 ,0,0
6, 라방  사옥투어  아바타 인증샷 빅테크  신입 환영법  독특,신종 코로나바이러스 감염증 코로나  확산이 신입사원 교육 방식도 바꾸고 있다  지난  월 이후 취업자 수가  개월 연속 줄어들 정도로 채용시장은 꽁꽁 얼어붙었지만  네이버 카카오  등 국내 주요  기업의 경우 ,0,1
7,건설업계  연말 막바지 채용 대림 서한 등 신입 경력모집  , 일 건설취업플랫폼 건설워커에 따르면 대림건설  서한  대방건설  서한  에스엠상선 건설부문 등이 채용을  대방건설이 신입 및 경력사원을 모집한다  모집부문은 관리  건축  주택 등이며  일까지 회사 채용 ,0,1
8,충남도립대 충남개발공사 취업 간담회,충남도립대학교 취창업센터는  일 충남개발공사 신입사원으로부터 공공기관 취업 성공 노하우를 배우기 위한  공공기관 취업 성공 간담회 를 개최했다고 밝혔다  이번 간담회에는 충남도립대학교 재학생  명과 ,0,0
9,국제대  대학발전위원회 신입위원 위촉장 수여식 진행,국제대가  일 교내 중회의실에서 대학발전위원회 신입위원 위촉장 수여식과 장학금 기탁식을 진행했다  국제대도 이런 감사함을 잊지 않고 지역 동반성장 파트너  전인적 취업교육 동반 대학으로 성장할 수 있도록 ,0,0
10,한뷰전  글로벌 뷰티아티스트 양성을 위한  학년도 신입생 모집, 학년도 신입생은 전원 장학금 혜택을 받고 입학한 것으로 알려져 있다  또한 전국  여개 매장을 보유하고 있는 유명프랜차이즈인 박준 뷰티랩의 박준 회장을 석좌교수로 임명해 교육연계 및 취업연계까지 진행하며 ,0,0
11,선문대 예비 신입생과 실시간 대화 나눈다 이색적인 언택트 예비대학 눈길, 일에는 학과 존의 시간으로 예비 신입생들은 학과의 교과과정  진로  취업 등에 대해 교수와 선배로부터 생생한 정보를 전달 받을 수 있다  특히 학과교수가 직접 참여하는 일대일 실시간 상담을 통해 입학에서부터 ,1,1
12, 기고 맞춤형  일학습병행  코로나 시대 취업 뽀개기,신입사원 중  년 이내 퇴사 비율은 약  에 이르며   년 이상 재직한 비율은 약   수준이다 이러한 현실 속에서 고교 재학 중 기업에 채용되어 전문학사 취득까지 선취업 후학습으로 이어지는  일학습병행 에 참여하는 ,0,1
13, 저축  대졸신입 수시채용에 비대면 화상면접 도입, 저축은행이 대졸신입 수시채용에 비대면 화상 면접 제도를 도입했다고  일 밝혔다  이번 전형은 신종  있어 취업을 준비하는 분들이 어려움을 겪고 있다 며  앞으로도 새로운 채용 시스템 도입을 통해 효율성과 ,0,1
14,국제대 대학발전위원회  신입위원 위촉장 수여식 가져,국제대가 지난  일 대학발전위원회 신입위원 위촉장 수여식  장학금 기탁식을 갖고 기념사진을 촬영하고  잊지 않고 지역 동반성장 파트너  전인적 취업교육 동반 대학으로 성장할 수 있도록 최선을 다하겠다 고 전했다 ,0,0
15, 번을 두드려도 안 열린 취업 문 그래도 취준생인 게 감사  왜 ,지난달 취업포털 인크루트가 내놓은 관련 조사 결과를 보겠습니다  국내 기업의  가 올해 대졸 신입사원을 한 명도 뽑지 않았습니다  뽑았더라도    곳 중  곳은  명 아래였습니다  두 자릿수 채용은   세자릿수 ,1,1
16,각종 시험 잇단 취소 취업준비생  혼란 ,있는 취업 준비생들이 혼란에 빠졌다 사회적 거리두기 조치에 따라 공간내  인 미만으로 수험생을 나눠  반면  기업은행은 고심 끝에  일  천 여명의 응시자를 대상으로  년 하반기 신입 행원 공채 필기시험을 ,0,1
17,  경제정책방향 청년 일자리  공공기관 신입   이상   일 경험 사업  청년 뽑는다,코로나  사태로 취업 기회마저 잃어버린 청년들을 위해 정부는 먼저 직무 경험을 한 뒤 취업으로 이어질 수 있는  고용 사다리 를 놓겠다는 취지다   일 정부가 발표한  년 경제정책방향에 따르면 청년 일 경험 ,0,1
18, 대학소식 대구공대  신입생 대상 진로특강 등,대구공업대학교 메이크업분장예술과는 신입생을 대상으로 한 진로특강을 개최했다고  일 밝혔다  이번   대구공대 취업특강 대구공업대학교 메이크업분장예술과는 학과 재학생을 대상으로 한 취업특강을 ,1,0
19,세상을  이미  바꾼  교육 장애학생 취업 돕고  마스크 재고 알리고, 소프트웨어 교육을 통해 한 명의 장애 학생이라도 더 취업시키고 싶다   특수 교사는 영광도 없고  제자도  게다가 사업체 측에서 훈련생 신입 직원 훈련용으로 제공했다는 요청을 받기도 했다  그는 단순히  로 현장 ,1,1
20, 기업 연계한 맞춤교육으로 취업률   해외 일자리 기회도   현장르포 ,이 학교가 가진 장점은 연계기업을 통한 높은 취업률과 더불어 진학 역시 가능하다는 점이다  특히 취업 후  신입사원의 경우 중국 미국 등 해외 지점 계열사에서  개월 간 해외연수 기회가 주어진다  아진산업에 ,0,1
21,용인송담대  지역청년 지원 취업 프로그램 진행,용인송담대학교 대학일자리센터는 최근 백암고등학교와 함께 대학교 비진학 학생을 대상으로  신입사원 직장예절  취업역량강화 특강을 실시했다고  일 밝혔다  이번 특강은 직장의 이해  직장생활 대화  보고 ,0,0
22,장안대   하반기 취업스킬 경진대회  개최,  하반기 취업스킬 경진대회는 신입생을 제외한  학년부터  학년까지 재학중인 학생들을 대상으로 코로나  확산으로 변화된 비대면 채용절차를 체험할 기회를 제공하고 취업 자신감을 높여 구직기술과 취업역량을 ,0,0
23,숭실대 글로벌미래교육원  지방학생 인터넷접수   면접전형 신입생 선발,학교에서는 현재 많은 수험생들이  학년도  학기 입학을 위해 지원 중이며 신입생들에게 프리미엄 교육과정을 제공하고 재학 중 현장실습  자격증 취득  취업 특강  포트폴리오 구축 등 기업들이 원하는 스펙을 갖춘 ,0,1
24,신입 경력 채용  에스엘 동우화인켐 삼양식품 잡코리아 등 ,연말을 앞두고 올해 안에 신입 및 경력직 직원을 모집하는 기업이 있어 잡코리아가 소개하고자 한다   일 취업 플랫폼 잡코리아에 따르면  에스엘  현대건설  동우화인켐  삼양식품은  신입 및 경력직 직원을 모집 ,0,0
25,현대건설  교육운영 영상제작 분야 신입 경력직 채용,현대건설이 현대건설기술교육원에서 근무할 신입 및 경력사원 채용을 진행한다   일 건설취업플랫폼 건설워커에 따르면  이번 채용의 모집분야는 교육운영관리와 영상제작관리로 나뉜다  교육운영관리 직무는 ,0,0
26,에듀윌 취업   기업은행   봉투모의고사  베스트셀러  위 유지 이해하기 쉬운 체계적인 구성이 장점 , 일   기업은행 하반기 신입행원 정규직 공채 필기시험이 취준생들의 관심을 받고 있는 가운데 종합교육기업 에듀윌 대표 박명규  취업이 선보인   하반기 에듀윌  기업은행   봉투모의고사  회  교재가 ,0,1
27,장안대   하반기 취업스킬 경진대회  개최,  하반기 취업스킬 경진대회는 신입생을 제외한  학년부터  학년까지 재학중인 학생들을 대상으로 코로나  확산으로 변화된 비대면 채용절차를 체험할 기회를 제공하고 취업 자신감을 높여 구직기술과 취업역량을 ,0,0
28,동강대 취업스킬 기업 탐방  눈길 ,앞서 동강대는 전기과 등  개과  학년 신입생을 대상으로  픽미업 아카데미 를 진행했다  학생들의 취업 목표 설정과 전략적 취업 계획 수립 방법을 안내했고 특히 지식과 기술  태도 등의 분야에서   직무역량을 ,1,1
29, 생생경제   경계성청년은 신입사원 같은사람  조금만 이해해주고 기다려주세요 , 생생경제   경계성청년은 신입사원 같은사람조금만 이해해주고 기다려주세요    김혜민  이하 김혜민  취업을 한 거네요  얼마나 일했어요    김정준   년 말부터 일했으니까  년 정도 되었다고 생각하시면 될 것 ,1,1
30,숭실사이버대  공학과  정보보안전공 취업 커리큘럼 운영 실무 중심 교육 실현,실무 중심 커리큘럼으로 사이버 보안을 책임지는 스마트 정보화 시대 인재를 배출하고 있는 숭실사이버대학교  공학과에서는  학년도  학기 신입생 및 편입생 모집을 진행하고 있다  자세한 모집요강은 학교 ,1,0
31,내년에도 취업은  흐림  전망  못 따라오는 고용지표,정부가 내년 취업자 수 증가폭이  만 명대에 그칠 것으로 전망했다  올 한 해 신종 코로나바이러스 감염증  기업 입장에서는 경영상 어려움에서 막 빠져나온 시점에 기존 직원을 복직시키면서 동시에 굳이 신입 ,1,1
32,대전신일여고  공기업 취업 명문학교로 우뚝,배출하며 취업 명문 학교의 위상을 높이고 있다  사진은 한국철도공사에 합격한 김서현  김윤희  이수현 학생 굿모닝충청 권성하 기자  대전신일여자고등학교가 년 고졸 신입사원 채용에서 한국철도공사  명 ,0,1
33, 학과 학과 경희대 수학과  서울시립대보다 취업률 높아,대학 간 비교 시에는 졸업 후 취업률  중도탈락률  신입생 충원율 등 정량 지표를 주로 활용  객관성을 유지할 계획이다  수험생에게 어느 한 쪽으로 치우치지 않는 정보를 제공해 대학 선택에 도움을 주기 ,0,0
34,취업 가뭄이라는데  토스  보험분석매니저  명 더 뽑는다,토스인슈어런스가 연말 신입 보험분석매니저  명을 더 채용하고 본격적인 사업 확정에 시동을 건다  토스인슈어런스는 올해 보험업계 경력이 없는 신입 보험분석매니저  여명을 채용했다고  일 밝혔다  이에 따라 ,1,0
35,현대차 증권 새해 신입 모셔요 ,취업포털 인크루트의 주요 기업 대졸신입 및 인턴 채용소식에 따르면 먼저 현대자동차에서 제네시스 전략지원 부문 채용전환형 인턴을 선발한다  모집분야는 해외영업 및 서비스이며  입사시 고객 케어 프로그램 ,0,1
36,중앙대학교 평생교육원  학점은행제 주말 전공 학사학위 과정 신입생 모집,취득과정 신입생을 모집 중이다  중앙대학교에 따르면  주말 학사학위 과정의 경우에 평소 관심은 있으나  취득하여 취업을 하거나 석사학위 과정을 목표로 하는 수험생들에게 적합한 과정으로 토요일 주  회 수업으로 ,1,0
37,숭실대 글로벌미래교육원 사회복지학과정   학년도 신입생 모집, 사진 숭실대학교 제공 숭실대학교 글로벌미래교육원 사회복지학과정이 수능 이후  학년도 신입생을  대학원진학  취업이 연계된다 며  대학 캠퍼스 생활  지방학생들을 위한 기숙사 제공  진로를 고민하는 ,1,1
38,취업도 장학금도  든든  강소대학 도약 박차, 충북도립대학교에 입학하는 옥천 거주 학생 모두에게  만원의 신입생 장학금을 지급하는 방안을 추진하고 있다  옥천군  옥천교육지원청과 협력해 학생들의 취업을 돕고 졸업 후 옥천에 정착해 거주하면서 결혼까지 ,0,1
39, 허쉬  황정민  신입 기자  일타 강사 로 변신 임윤아  불만 가득 ,사회에 첫발을 내디딘 초짜 인턴 이지수  정규직 취업이라는 현실의 높은 벽을 실감하며 인턴을 돌고 돌았던 오수연  매일한국에 입성한 두 사람이 한준혁과 만나 어떤 이야기를 풀어낼지 첫 방송을 더욱 기다리게 만든다 ,1,1
40,취업  결혼  내집마련 미완에 그친 올해의  버킷리스트 는,취업 신입 과 이직 직장인 이 올해의 목표 양대산맥에 꼽혔고  이어서 금연 및 다이어트 등 건강관리  어학 및 자격증 취득  로또 및 복권당첨  저축 또는 주식투자  내 집 마련  연애 및 ,1,1
41,충남인력개발원  디지털 뉴딜사업  차 산업 신입생 모집,충남인력개발원이 디지털  차 산업분야 뉴딜사업 일환으로 고용노동부가 주관한 년 전반기 신입생  충청권에 취업으로 지역에서 맹활약을 보인다  이어 여 명의 재직근로자의 직무능력향상교육을 ,0,0
42, 결산  채용  코로나에  꽁꽁 기업  곳중  곳만 올해 신입사원 뽑아,취업포털 인크루트가 최근 기업  곳을 대상으로  년 신입채용 결산조사를 한 결과  올 한해 신입사원을 뽑은 기업 비율이 전년대비  분의  가량 줄었다  조사결과  년 대졸신입 직원을  명이라도 채용했는지 ,1,1
43,광주대 식품영양학과  가족회사 학생취업 지원,이번 협약을 통해 신입사원 특별면접을 진행  졸업생  명과 졸업예정자  명 등 총  명이 포프리에 취업하는 성과를 이뤄냈다  또 취업 연계형 인턴십과 현장실습 등 기업에 필요한 우수한 인재를 양성하기 위해 다양한 교육 ,1,1
44,한국 직업전문학교 웹툰학과   학년도 신입생 모집 웹툰작가 양성,사진제공  한국 직업전문학교 수능 이후 한국 직업전문학교 웹툰학과가  학년도 신입생을 모집하고  기업으로 취업을 지원하고 있다 고 말했다  한편  한국 직업전문학교는 취업에 맞춘 커리큘럼을 바탕으로 ,1,1
45,취업에 강한 폴리텍 김제캠퍼스  전북 폴리텍으로 재도약,오는  일까지 신입생을 모집중인데 지난해에는  대   을 기록했다  학령인구 감소와 마이스터고 및 특성화고의 선취업으로 예전보다는 다소 낮아졌지만 높은 취업률과 이를 뒷받침하는 교육환경에 대한 기대감이 ,1,0
46,  취업패키지 활용해 장애인 채용에 앞장, 일 전북혁신도시   본사에서 임용장 수여식 후  왼쪽에서 세 번째  오애리   경영이사와 신입직원들이 기념촬영을 하고 있다   사진제공 한국국토정보공사   한국국토정보공사 이하  가 장애인 취업지원 제도를 ,0,0
47,광주대 식품영양학과  가족회사 활용 학생취업 지원, 일 광주대에 따르면 식품영양학과는  농업회사법인 포프리와 산학협력 가족회사 업무협약을 체결했으며  이번 협약을 통해 신입사원 특별면접을 진행해 졸업생  명과 졸업예정자  명 등 총  명이 포프리에 취업하게 ,1,1
48,수능 후 숭실대 글로벌미래교육원  학년도 신입생 선발,현재 많은 고  수험생들이  학년도  학기 입학을 위해 지원 중이며 신입생들에게 프리미엄 교육과정을 제공하고 재학 중 현장실습  자격증 취득  취업 특강  포트폴리오 구축 등 기업들이 원하는 스펙을 갖춘 전문 ,1,1
49,대구한의대  정부 지원사업  관왕 취업 창업 전폭 지원,이를 통해 대구한의대는 학생을 위한 교육의 질 향상과 취업 역량을 한층 강화하는 데 주력하고 있다  대학수학능력시험 백분위 평균이 최상위권인 신입생에게는 등록금 전액을 장학금으로 지급하는 것을 비롯해 ,1,1
50, 취업잘되는학과  인기 속  아세아항공직업전문학교 비파괴검사 주목,기업에서는 신입 및 경력사원 채용 시 아세아항공직업전문학교 비파괴검사 출신의 선호도가 높은 것으로 나타나고 있다  아세아항공직업전문학교의 비파괴검사에서는 매년 취업박람회 및 캠퍼스리쿠르팅 행사를 ,1,1
51, 년 한경 대학 취업 창업 평가  육근열 연암대 총장  만평 캠퍼스를 거대한 실습장으로 활용해 영농 인재 양성 중이죠 ,신입생 충원율과 취업률 지표에도 긍정적인 효과로 나타나고 있다  신입생 충원율의 경우  학년도  년 동안  를 달성했다  취업률도 꾸준히 상승하고 있어  년  월 대학정보공시 기준 취업률  를 ,1,1
52,항공정비 전문가 양성 한국에어텍  학년도 신입생 모집,항공정비 전문가를 양성하는 한국에어텍항공직업전문학교 이하 한국에어텍 가  학년도 신입생 모집을  상담과 취업지원을 하고 있다  또한 수준별 맞춤 토익 특강과 실전 면접진행 등 취업 중심의 커리큘럼을 ,1,0
53, 비대면 취업지원 시스템으로  코로나 취업난  이겨냈어요 ,청년드림대학과 일자리운영센터 운영 대학 가운데 진로지도 및 취업 창업 지원을 잘한 곳을 베스트  예비 신입생 오리엔테이션을 연 경기대는 난관에 부딪혔다   일간 전공별 직무를 소개하고 대학생활 설계를 돕는 ,1,0
54,토스 넷마블의 보안인력 채용  핀테크 게임 분야 취업 노려라,신입만 채용하는 기업은  곳이며  신입과 경력직을 함께 채용하거나 경력에 상관없이 인력을 채용하는 기업은  곳이다  또한  현장에 바로 투입될 수 있는 경력직을 채용하는 기업은  곳이다  김포시청은 김포시 ,0,1
55, 탄력정원제 맞춤형 취업 전략으로 위기 극복 ,취업률 상승이 학교 이미지 개선은 물론 우수 신입생 유치에도 영향을 준다는 판단에서다  강원대는 최근  개월 동안  여개 기업의 일자리를 발굴   차례에 이르는 취업상담을 진행했다  그 결과 코로나  한파 ,0,1
56,올해 신입사원 합격스펙  평균  졸업학점   점 토익점수   점,잡코리아는 올해 신입직 취업에 성공한  년대졸 학력의 신입사원의  합격스펙 을 조사한 결과를 공개했다  자료에 따르면  매년 증가 추세를 보이던  인턴경험  과  자격증 취득  비율은 감소하고 ,0,0
57,  새해 신입인재 모셔요 현대차   증권 등 대졸신입 인턴 채용,취업포털 인크루트 대표 서미영 의 주요 기업 대졸신입 및 인턴 채용소식에 따르면  먼저 현대자동차에서 제네시스 전략지원 부문 채용전환형 인턴을 선발한다  모집분야는 해외영업 및 서비스이며  입사시 고객 케어 ,1,1
58,수능 후 한국과학기술직업전문학교  학년도 신입생 선발,면접전형으로 신입생을 선발 중이다  과기전 관계자는  항공정비 단일과정을 운영하며 항공정비사 취업에 있어 가장 중요한 면장 취득에 유리한 실습이 진행되고 있으며 실제로 본교의 항공정비사 면장  항공산업기사 등 ,1,0
59, 조기취업형 계약학과   개 대학  참여기업 모집 실무형 우수인재 키운다,학사급 실무형 우수인재 조기 확보 및 신입사원 교육 비용 절감 교육부 부총리 겸 교육부장관 유은혜 와 한국산업기술진흥원 원장 석영철 이 주관하고 있는  조기취업형 계약학과 선도대학 육성사업 에 참여하는  개 ,1,0
60,올해 버킷리스트 달성률  취업  이직  내 집 마련  결혼 못해,취업 신입 과 이직 직장인 에 이어서 금연 및 다이어트 등 건강관리  어학 및 자격증 취득  로또 및 복권당첨  저축 또는 주식투자  내 집 마련  연애 및 결혼  독서  등의 ,0,1
61,호텔취업꿀팁부터 실무과정을 한눈에  메이필드 유튜브채널,현장 취업에 대한 정보를 생동감 있게 제공한다고 밝혔다  유튜브 채널에서는 호텔관광경영  호텔조리  메이필드호텔스쿨 입학홍보팀 관계자는  많은 사람들이 보는 유튜브를 통해 예비 신입생들에게는 직업과 진학에 ,0,1
62,호텔취업꿀팁부터 실무과정을 한눈에  메이필드 유튜브채널,현장 취업에 대한 정보를 생동감 있게 제공한다고 밝혔다  유튜브 채널에서는 호텔관광경영  호텔조리  메이필드호텔스쿨 입학홍보팀 관계자는  많은 사람들이 보는 유튜브를 통해 예비 신입생들에게는 직업과 진학에 ,0,1
63,올해 신입사원 스펙  인턴  보다  영어말하기  늘어,잡코리아는 올해 신입직 취업에 성공한  년대졸 신입사원  명의  합격스펙 을 조사한 결과 이같이 나타났다고  일 밝혔다  잡코리아는 해년 한 해 동안  대 기업에 입사한 신입사원의 합격스펙을 수집해 스펙 ,1,1
64, 저축은행 대졸신입 채용 비대면 화상면접 실시, 저축은행이 코로나  확산 방지를 위해 대졸신입 수시채용 과정에서 비대면 화상 면접 제도를 도입한다   저축은행 관계자는  코로나 로 인해 많은 기업들이 채용을 중단하거나 취소하는 상황이 잦아 취업준비생 ,1,0
65,호텔학교 한호전 맞춤형 취업 커리큘럼 눈길  글로벌 호텔리어 전문가 양성,제공함으로서 취업에 있어 엉청난 어드벤티지를 갖게 될 수 있다고 전했다  또한 호텔학교 한호전을 대표하는 호텔   시스템 교육이 신입생 및 학부모들 사이에서 크게 주목받고 있다  며   시스템은 ,1,1
66, 전 기  세 신입사원의 취업분투기, 년생도 취업이 힘든데  년생을 누가 뽑겠다는 생각을 하겠냐며 이제 편히 손자랑 놀면서 사시라고   세의 신입사원 조응연씨다   전 기의 조응연씨가 출근한 곳은  한국토지주택공사  시흥권주거복지지사이다 ,0,1
67, 기업은행  코로나  사태 속 전국  명 신입행원 시험 강행 수험생 시험 연기  청와대 청원 ,예정된 신입행원 필기시험을 강행 할 것으로 보여 수험생들이  차 감염 우려의 불안 속에 시험연기를  그는 이어  저는 취업을 하고 싶지만  코로나에 걸리고싶진 않습니다  하지만 을의 입장인 취준생이기에 ,0,0
68,한뷰전  박준 석좌교수 취임 및  학년도 신입생 모집,예비 신입생들의 많은 관심을 받고 있다  또한 지난  월  일 박준뷰티랩   박준 대표가 석좌교수로 취임을  과정과 취업을 지원해 학생들이 실무중심 교육을 통해 뷰티 전문가로 양성할 수 있게 지원하겠다 고 전했다 ,1,1
69, 신입사원 취업연령 갈수록 높아져 ,한편 취업에 성공한 신입사원이 퇴사를 결심하는 기간은 입사 후  개월 전후인 것으로 나타났다  취업포털 인크루트는 입사  년차 미만 신입사원  명을 대상으로 퇴사결심 시기 및 이유에 대해 조사한 결과  ,0,0
70,일본 인사담당자에게 듣는 일본  기업 취업 전략,일본 학생들은 취업을 위해 신졸 대학졸업 후 신입사원으로 입사하는 경우를 가리키는 말  대상 취업활동 사이트에 등록하는 경우가 대부분입니다  잘 알려진 매체로는 마이나비  리쿠나비   캠퍼스   ,0,0
71,충주상고  취업 불황 속   화상 면접 프로그램  눈길 ,취업환경 변화에 적응해 가고 있다 라며  학교 교육 프로그램도 시대의 변화에 적응해 취업의 결실을 기대하고 있다 라고 말했다  충주상고는 올해 신입생 모집에서 도내 최고의 경쟁률을 기록했다   공감언론 뉴시스,0,1
72,충주상고  코로나 취업불황  비대면   화상면접 으로 이겨낸다,이와 함께 면접 스피치와 이미지메이킹 특강   분 자기소개 등 다양한 프로그램으로 취업률 향상을 위해 노력하고 있다  충주상고는 올해 신입생 모집에서도 충북 도내 최고의 경쟁률을 기록했다  김영교 교장은  학교 ,1,1
73, 예비 유니콘에 취업하는 것은 어떨까 , 예비 유니콘에 취업하는 것은 어떨까  이른바  로켓 신화 를 일군 스타트업들이 공격적으로 인재  밀키트 시장 업계  위 기업인  프레시지 가 신입 및 경력 사원을 모집하고 있다  모집 부문은 ,1,0
74,고려직업전문학교   학년도 신입생 선발  취업 지원,졸업 후 전공에 따라  년제와  년제 학력이 동등하게 인정되지만 내신  수능성적 반영 없이 오로지   면접전형으로 신입생을 선발하고 있다  고려전은 모든 학생들이 취업을 지원받아 볼 수 있는 취업책임제도를 ,0,1
75, 년 한경 대학 취업 창업 평가  창업생태계 조성 광운대   첫 종합  위   계단 상승, 창업전용공간규모  위  학생당 창업지원액  위   한경 취업 창업 대학평가 에서 광운대가 국내  소프트웨어  융합대학 설립  핵심인재 양성 광운대 신입생은 전공에 상관없이 소프트웨어 소양 교육 ,1,1
76,코로나로 얼어붙은 취업시장  영어 활용 능력을 갖추기 위한 미국 유학 주목,언제 풀릴지 모르는 상황에서 취업난이 날이 갈수록 심해지는 가운데 외국어 실력  특히 영어 활용 능력을 기르고자 미국대학교로 편입을 하거나 신입학을 노리는 학생들이 많아지고 있다  스펙 쌓기 경쟁이 치열해진 ,0,1
77,글로벌 뷰티인재 양성을 위한 한뷰전 뷰티미용학과 신입생 모집, 학년도 신입생 모집을 진행한다고 밝혔다  한뷰전은  년 설립된 한국호텔관광교육재단이 운영하고 있는  각 전공별 특성화교육을 통해 현장실무기술을 배울 수 있도록 교육하는 과정으로 빠른 취업을 목표로 하는 ,0,1
78,서울 특성화고  곳  내년도 신입생  만 명 모집,한편 최근 특성화고가 취업률 하락과 신입생 미달 등으로 위기를 맞자 다양한 타개책들이 마련되고 있다  국회 교육위 소속 정청래 더불어민주당 의원이 교육부에서 받아 분석한 자료에 따르면 직업계고 취업률은 ,0,0
79,올해 신입사원 합격스펙  인턴경험  줄고  영어말하기  늘어 ,취업 성공  위 플랫폼 잡코리아가 올해 신입직 취업에 성공한  년대졸 학력의 신입사원  명의  합격스펙 을 조사한 결과 이같이 나타났다  잡코리아는 매년 한 해 동안  대 기업에 입사한 신입사원의 ,1,1
80,    뉴스쿨 신입생 모집 청년 직업 자립 프로그램  교육비 무료 , 대 청년 대상 직업교육 프로그램인   뉴스쿨이  일까지  학년 신입생  명을 모집한다  학력이나  시기지만  내년에도  대 청년들이   뉴스쿨을 통해 취업하며 건강한 사회 구성원으로 자립하길 바란다 고 말했다 ,0,1
81,직업계  취업률    정부  년만에 주저앉았다,서울의 한 특성화고 취업부장은  하도 고졸 취업이 어렵다 보니 특성화고에서도 신입생을 유치하려고  취업이 잘된다 가 아니라  특례전형으로 대학 가기 쉽다 고 홍보하고 있는 상황 이라고 말했다 ,1,0
82,서울현대직업전문학교 호텔조리학과  취업 스펙 자격증 수업 진행,현재 서울현대직업전문학교는 호텔조리학과 과정을 포함해 호텔제과제빵학과 과정  유아교육과 과정  경찰행정학과 과정  드론학과 과정 등 전 과정에서  학년도 신입생을 모집하고 있다  자세한 모집요강 및 취업현 ,1,1
83,서울호서 호텔관광카지노학과   년 연속 신라호텔 취업자 배출,졸업 후 취업과 편입  대학원 진학 및 유학 등 진로 선택의 폭이 넓다  한편 해당 계열은  학년도 신입생 모집 중이며 내신 등급에 대한 반영 없이 학생 자질과 소질을 평가하여   면접으로만 학생을 선발하고 있다 ,0,1
84,김성태  딸   부정채용  유죄 취업 특혜 뇌물 ,이 전 회장은 같은 해 케이티 상 하반기 대졸 신입사원 공채에서 김 전 의원의 딸 등 총  명을 부정  그러나 항소심 재판부는  김 전 의원과 함께 사는 딸에게 취업 기회를 제공한 것은 사회 통념상 김 전 의원이 ,1,1
85, 입학이 곧 입사  조기취업형 계약학과 뜬다,전문가들은  조금 더 이름이 있는 중견기업이나 대기업에서 이 같은 전형으로 취업 연계형 신입생을 뽑는다면 학생들의 관심이 더욱 커질 것 이라고 조언했다  신입생 모집에 미달 상황이 나타난 것은 직업계고 ,1,1
86,삼성 네이버 등 하반기 신입공채 비대면이 대세,취업포털 인크루트는 하반기 신입모집에 나선 주요 기업의 채용 소식을  일 정리해 발표했다  인크루트   삼성 포스코  삼성은 지난  일 하반기  급 신입사원 모집에 돌입했다  삼성전자와 삼성디스플레이 ,0,0
87, 구직자  명 중  명  취업 사교육 필요해 ,취업플랫폼 사람인이 신입 구직자  명을 대상으로  취업 사교육에 대한 생각 을 조사한 결과   가  필요하다 고 답했다  이렇듯 취업 사교육이 필요하다고 생각하는 구직자가 많은 것은 취업 사교육이 최종 ,1,1
88,세종 중학교 신입생 내년부터 취업교육 강화,하지만 대부분의 학교가 신입생 학년 을 대상으로 자유학기제나 학년제를 운영하다 보니  학력이 떨어지는  이에 따라 교육청은 다음과 같은 개선 방안을 마련   년 신입생부터 적용키로 했다  우선 자유학년의 두 ,1,1
89,충북대  진로 취업 도와드려요,진로 취업 로드맵과 함께하는 신입생 멘토링 을 운영했다  이번 프로그램은  신입생 정착 멘토링 에 참여하고 있는 학생들을 대상으로 신청을 받아 총  회를 진행  신입생  여 명에게 충북대에서 운영하는 다양한 교과 ,1,0
90, 년 한경 대학 취업 창업 평가  울산과학대   년 연속 경남 경북 강원 권역  위  전국  위 등극,속에서도 신입생 모집에서 눈에 띄는 성과를 내고 있다   학년도 수시  차 모집에서는 정원 내  지난해 신입생 모집결과를 보면 서울 경기 지역 대학만 충원률  를 달성했고   에 살짝 못 미치는 수치로 ,1,0
91,동국대 전산원  직장인 야간대학교 개념  학년도  월 신입생 모집 나서,주말학사과정 신입생을 모집한다고 밝혔다  주말학사과정은 고등학교 졸업 예정 이상 학력 소지자로  현재 동국대 전산원은 성공적인 취업사례와 학사편입 및 대학원 합격자 명단을 홈페이지에 공개하고 있으며 ,1,0
92, 출근길  취업자  개월 연속 감소  이후 최장 감소세 경제단체  중대재해법 철회하라     경제 , 세대 취준생  는 정년 퇴임 목표로 안 해  세대  신입 취업준비생  명 중  명 이상은 첫 직장에서 정년까지 다니는 것을 목표로 하지 않는 것으로 나타났습니다  취업포털 사람인이  대  세대  구직자 ,0,0
93,대기업 신입사원도 받는 근로장려금 논란,이러한 경우 연봉이 높은 신입사원도 하반기에 취업해 월급을 몇 달치만 받았다면 연소득이  천만원을 넘지 않아 장려금을 받을 수 있는 조건이 된다  실제로 제도 개편 이후   세 미만 단독 가구에만 매년 약  천억원이 ,0,0
94, 첫 출근 언제하죠 대한항공 신입사원  여명   년째  입사 대기 ,업계에 따르면 이미 일부 신입사원들은 대한항공 입사를 기다리지 못하고 다른 기업에 취업한 것으로 전해졌다  대한항공도 다른 회사 입사를 막고 있지는 않다  특히 한진그룹이 대한항공과 아시아나항공의 합병을 ,1,0
95, 취업걱정없는 명품학교 서울디지텍고등학교,전공 분야에 대한 인지도 향상으로 신입생 성적과 취업률이 꾸준히 오르고 있다  학교는 취업뿐만 아니라 글로벌 인재 양성을 위한 다양한 프로그램도 운영한다  글로벌 현장학습을 통해  년부터 인도의 정보기술 ,1,1
96, 건설인재 오세요  서희 시티 서한 에이스건설 등 중견사 신입 경력직 모집,내외뉴스통신    이희선 기자 중견 건설사들이 올해  월 막바지 신입 인재 채용에 나서고 있다   일 건설취업플랫폼 건설워커 대표 유종현 에 따르면 서희건설  시티건설  서한  에이스건설 등이 신입 및 경력사원 ,0,1
97,지방서 수도권으로 재입사  공기업  중고신입 늘었다,신입 직원들 입장에서는 작은 기관에 취업했다가  년 정도 경력을 쌓은 뒤 더 좋은 기관 신입으로 다시 도전해 취업해도 손해볼 것은 없다  임금이 높아지니 연봉 보전도 되는 데다 기존 직장에서 쌓은 노하우가 있어 ,1,0
98, 삼성에서   배웠습니다  믿고 뽑는다는 대기업 취업지원프로그램 수료자들,  취업준비생 김모 씨는 지난  월부터 진행하고 있는  삼성 청년 소프트웨어 아카데미   기  방식으로 신입사원  명을 뽑기도 했다  금융업계 관계자는  최근 은행권은 물론 증권  보험업계까지 ,0,0
99,토스 넷마블의 보안인력 채용  핀테크 게임 분야 취업 노려라,신입만 채용하는 기업은  곳이며  신입과 경력직을 함께 채용하거나 경력에 상관없이 인력을 채용하는 기업은  곳이다  또한  현장에 바로 투입될 수 있는 경력직을 채용하는 기업은  곳이다  김포시청은 김포시 ,0,1
100,용인송담대학교 대학일자리센터  백암고와 협업 지역청년 지원 취업프로그램 시행 , 용인송담대학교 총장 최성식  대학일자리센터는 최근 백암고등학교와 협업하여 대학교 비진학 학생들 대상으로 신입사원 직장예절 을 주제로 취업역량강화 특강을 진행했다  용인송담대학교 대학일자리센터 백암고와 ,0,0
101, 탄력정원제 맞춤형 취업 전략으로 위기 극복 ,취업률 상승이 학교 이미지 개선은 물론 우수 신입생 유치에도 영향을 준다는 판단에서다  강원대는 최근  개월 동안  여개 기업의 일자리를 발굴   차례에 이르는 취업상담을 진행했다  그 결과 코로나  한파 ,0,1
102,올해 신입사원 합격스펙  평균  졸업학점   점 토익점수   점,잡코리아는 올해 신입직 취업에 성공한  년대졸 학력의 신입사원의  합격스펙 을 조사한 결과를 공개했다  자료에 따르면  매년 증가 추세를 보이던  인턴경험  과  자격증 취득  비율은 감소하고 ,0,0
103,수능 성적 발표 전 후 숭실대 글로벌미래교육원  학년도 신입생 모집,현재 많은 고  수험생들이  학년도  학기 입학을 위해 지원 중이며 신입생들에게 프리미엄 교육과정을 제공하고 재학 중 현장실습  자격증 취득  취업 특강  포트폴리오 구축 등 기업들이 원하는 스펙을 갖춘 전문 ,1,1
104,  새해 신입인재 모셔요 현대차   증권 등 대졸신입 인턴 채용,취업포털 인크루트 대표 서미영 의 주요 기업 대졸신입 및 인턴 채용소식에 따르면  먼저 현대자동차에서 제네시스 전략지원 부문 채용전환형 인턴을 선발한다  모집분야는 해외영업 및 서비스이며  입사시 고객 케어 ,1,1
105,수능 후 한국과학기술직업전문학교  학년도 신입생 선발,면접전형으로 신입생을 선발 중이다  과기전 관계자는  항공정비 단일과정을 운영하며 항공정비사 취업에 있어 가장 중요한 면장 취득에 유리한 실습이 진행되고 있으며 실제로 본교의 항공정비사 면장  항공산업기사 등 ,1,0
106, 조기취업형 계약학과   개 대학  참여기업 모집 실무형 우수인재 키운다,학사급 실무형 우수인재 조기 확보 및 신입사원 교육 비용 절감 교육부 부총리 겸 교육부장관 유은혜 와 한국산업기술진흥원 원장 석영철 이 주관하고 있는  조기취업형 계약학과 선도대학 육성사업 에 참여하는  개 ,1,0
107,올해 버킷리스트 달성률  취업  이직  내 집 마련  결혼 못해,취업 신입 과 이직 직장인 에 이어서 금연 및 다이어트 등 건강관리  어학 및 자격증 취득  로또 및 복권당첨  저축 또는 주식투자  내 집 마련  연애 및 결혼  독서  등의 ,0,1
108, 생생경제   경계성청년은 신입사원 같은사람조금만 이해해주고 기다려주세요 , 생생경제   경계성청년은 신입사원 같은사람조금만 이해해주고 기다려주세요    김혜민  이하 김혜민  취업을 한 거네요  얼마나 일했어요    김정준   년 말부터 일했으니까  년 정도 되었다고 생각하시면 될 것 ,1,1
109,호텔취업꿀팁부터 실무과정을 한눈에  메이필드 유튜브채널,현장 취업에 대한 정보를 생동감 있게 제공한다고 밝혔다  유튜브 채널에서는 호텔관광경영  호텔조리  메이필드호텔스쿨 입학홍보팀 관계자는  많은 사람들이 보는 유튜브를 통해 예비 신입생들에게는 직업과 진학에 ,0,1
110,올해 신입사원 스펙  인턴  보다  영어말하기  늘어,잡코리아는 올해 신입직 취업에 성공한  년대졸 신입사원  명의  합격스펙 을 조사한 결과 이같이 나타났다고  일 밝혔다  잡코리아는 해년 한 해 동안  대 기업에 입사한 신입사원의 합격스펙을 수집해 스펙 ,1,1
111, 저축은행 대졸신입 채용 비대면 화상면접 실시, 저축은행이 코로나  확산 방지를 위해 대졸신입 수시채용 과정에서 비대면 화상 면접 제도를 도입한다   저축은행 관계자는  코로나 로 인해 많은 기업들이 채용을 중단하거나 취소하는 상황이 잦아 취업준비생 ,1,0
112,호텔학교 한호전 맞춤형 취업 커리큘럼 눈길  글로벌 호텔리어 전문가 양성,제공함으로서 취업에 있어 엉청난 어드벤티지를 갖게 될 수 있다고 전했다  또한 호텔학교 한호전을 대표하는 호텔   시스템 교육이 신입생 및 학부모들 사이에서 크게 주목받고 있다  며   시스템은 ,1,1
113,수시 차 합격자 발표 전 숭실대학교 글로벌미래교육원 신입생 선발, 학년도 신입학 면접전형을 실시하고 있다  수시모집 전형기간에 고  수험생들이 희망하는 전공에 대해 입학상담을 진행하고 있으며 진로상담  학사편입  취업 등 다양한 진로 탐색 활동을 이어가고 있다  학교 ,1,1
114,  취업패키지 활용 통해 공공기관 장애인 채용 앞장서,한국국토정보공사 가 장애인 취업지원 제도를 적극 활용해 장애인 채용에 적극 임하고 있다   는  오애리   경영이사 사진 왼쪽에서 세 번째 가  일 전북혁신도시   본사에서 장애인 신입직원 임용장 수여식 후 ,1,0
115, 뉴스투데이   한국국토정보공사  취업패키지 활용 장애인 채용, 편집자주  전북혁신도시   본사에 장애인 신입직원이 임용장 수여식 후 기념촬영을 하고 있다   사진제공 한국국토정보공사  한국국토정보공사 가 장애인 취업지원 제도를 활용해 장애인 채용에 앞장선다 ,1,0
116, 전 기  세 신입사원의 취업분투기, 년생도 취업이 힘든데  년생을 누가 뽑겠다는 생각을 하겠냐며 이제 편히 손자랑 놀면서 사시라고   세의 신입사원 조응연씨다   전 기의 조응연씨가 출근한 곳은  한국토지주택공사  시흥권주거복지지사이다 ,0,1
117, 기업은행  코로나  사태 속 전국  명 신입행원 시험 강행 수험생 시험 연기  청와대 청원 ,예정된 신입행원 필기시험을 강행 할 것으로 보여 수험생들이  차 감염 우려의 불안 속에 시험연기를  그는 이어  저는 취업을 하고 싶지만  코로나에 걸리고싶진 않습니다  하지만 을의 입장인 취준생이기에 ,0,0
118,한뷰전  박준 석좌교수 취임 및  학년도 신입생 모집,예비 신입생들의 많은 관심을 받고 있다  또한 지난  월  일 박준뷰티랩   박준 대표가 석좌교수로 취임을  과정과 취업을 지원해 학생들이 실무중심 교육을 통해 뷰티 전문가로 양성할 수 있게 지원하겠다 고 전했다 ,1,1
119, 신입사원 취업연령 갈수록 높아져 ,한편 취업에 성공한 신입사원이 퇴사를 결심하는 기간은 입사 후  개월 전후인 것으로 나타났다  취업포털 인크루트는 입사  년차 미만 신입사원  명을 대상으로 퇴사결심 시기 및 이유에 대해 조사한 결과  ,0,0
120,일본 인사담당자에게 듣는 일본  기업 취업 전략,일본 학생들은 취업을 위해 신졸 대학졸업 후 신입사원으로 입사하는 경우를 가리키는 말  대상 취업활동 사이트에 등록하는 경우가 대부분입니다  잘 알려진 매체로는 마이나비  리쿠나비   캠퍼스   ,0,0
121,충주상고  취업 불황 속   화상 면접 프로그램  눈길 ,취업환경 변화에 적응해 가고 있다 라며  학교 교육 프로그램도 시대의 변화에 적응해 취업의 결실을 기대하고 있다 라고 말했다  충주상고는 올해 신입생 모집에서 도내 최고의 경쟁률을 기록했다   공감언론 뉴시스,0,1
122,충주상고  코로나 취업불황  비대면   화상면접 으로 이겨낸다,이와 함께 면접 스피치와 이미지메이킹 특강   분 자기소개 등 다양한 프로그램으로 취업률 향상을 위해 노력하고 있다  충주상고는 올해 신입생 모집에서도 충북 도내 최고의 경쟁률을 기록했다  김영교 교장은  학교 ,1,1
123, 예비 유니콘에 취업하는 것은 어떨까 , 예비 유니콘에 취업하는 것은 어떨까  이른바  로켓 신화 를 일군 스타트업들이 공격적으로 인재  밀키트 시장 업계  위 기업인  프레시지 가 신입 및 경력 사원을 모집하고 있다  모집 부문은 ,1,0
124,고려직업전문학교   학년도 신입생 선발  취업 지원,졸업 후 전공에 따라  년제와  년제 학력이 동등하게 인정되지만 내신  수능성적 반영 없이 오로지   면접전형으로 신입생을 선발하고 있다  고려전은 모든 학생들이 취업을 지원받아 볼 수 있는 취업책임제도를 ,0,1
125, 년 한경 대학 취업 창업 평가  창업생태계 조성 광운대   첫 종합  위   계단 상승, 창업전용공간규모  위  학생당 창업지원액  위   한경 취업 창업 대학평가 에서 광운대가 국내  소프트웨어  융합대학 설립  핵심인재 양성 광운대 신입생은 전공에 상관없이 소프트웨어 소양 교육 ,1,1
126,올해 신입사원 합격스펙  인턴경험  줄고  영어말하기  늘어 , 일 취업 플랫폼 잡코리아가 올해 신입직 취업에 성공한  년대졸 학력의 신입사원  명의  합격스펙 을 조사한 결과 이같이 나타났다  매년 한 해 동안  대 기업에 입사한 신입사원의 합격스펙을 수집해 스펙 ,1,1
127,코로나로 얼어붙은 취업시장  영어 활용 능력을 갖추기 위한 미국 유학 주목,언제 풀릴지 모르는 상황에서 취업난이 날이 갈수록 심해지는 가운데 외국어 실력  특히 영어 활용 능력을 기르고자 미국대학교로 편입을 하거나 신입학을 노리는 학생들이 많아지고 있다  스펙 쌓기 경쟁이 치열해진 ,0,1
128,글로벌 뷰티인재 양성을 위한 한뷰전 뷰티미용학과 신입생 모집, 학년도 신입생 모집을 진행한다고 밝혔다  한뷰전은  년 설립된 한국호텔관광교육재단이 운영하고 있는  각 전공별 특성화교육을 통해 현장실무기술을 배울 수 있도록 교육하는 과정으로 빠른 취업을 목표로 하는 ,0,1
129,올해 신입  인턴경험 줄고 영어 말하기 실력은 증가,취업포털 잡코리아가 올해 신입직 취업에 성공한  년대졸 학력의 신입사원  명의  합격스펙 을 조사한 결과 이같이 나타났다  잡코리아는 매년 한 해 동안  대 기업에 입사한 신입사원의 합격스펙을 수집해 ,1,1
130,서울 특성화고  곳  내년도 신입생  만 명 모집,한편 최근 특성화고가 취업률 하락과 신입생 미달 등으로 위기를 맞자 다양한 타개책들이 마련되고 있다  국회 교육위 소속 정청래 더불어민주당 의원이 교육부에서 받아 분석한 자료에 따르면 직업계고 취업률은 ,0,0
131,올해 신입사원 합격스펙  인턴경험  줄고  영어말하기  늘어 ,취업 성공  위 플랫폼 잡코리아가 올해 신입직 취업에 성공한  년대졸 학력의 신입사원  명의  합격스펙 을 조사한 결과 이같이 나타났다  잡코리아는 매년 한 해 동안  대 기업에 입사한 신입사원의 ,1,1
132,올해 신입사원 합격스펙  인턴경험 줄고 영어말하기 늘었다,잡코리아가 올해 신입직 취업에 성공한  년대졸 학력의 신입사원  명의  합격스펙 을 조사한 결과  매년 증가 추세를 보이던  인턴경험  과  자격증 취득  비율은 감소하고   영어말하기 점수  보유자가 ,1,0
133,    뉴스쿨 신입생 모집 청년 직업 자립 프로그램  교육비 무료 , 대 청년 대상 직업교육 프로그램인   뉴스쿨이  일까지  학년 신입생  명을 모집한다  학력이나  시기지만  내년에도  대 청년들이   뉴스쿨을 통해 취업하며 건강한 사회 구성원으로 자립하길 바란다 고 말했다 ,0,1
134,용인송담대 대학일자리센터  백암고와 지역청년 지원 취업프로그램 시행,용인송담대학교 대학일자리센터는 최근 백암고등학교와 협업해 대학교 비진학 학생들 대상으로  신입사원 직장예절 을 주제로 취업역량강화 특강을 진행했다   사진 용인송담대 제공  용인송담대학교 총장 최성식 ,0,0
135,직업계  취업률    정부  년만에 주저앉았다,서울의 한 특성화고 취업부장은  하도 고졸 취업이 어렵다 보니 특성화고에서도 신입생을 유치하려고  취업이 잘된다 가 아니라  특례전형으로 대학 가기 쉽다 고 홍보하고 있는 상황 이라고 말했다 ,1,0
136, 교육비 전액 무료  청년 직업 자립 프로그램   뉴스쿨   년 신입생 모집, 년도 신입생을 모집한다   대 청년 직업 교육 프로그램인   뉴스쿨이  년 신입생을 모집한다  통해 취업하고 건강한 사회 구성원으로 자립하길 바란다 고 말했다    뉴스쿨 학과별 선발인원은 ,0,1
137,서울현대직업전문학교 호텔조리학과  취업 스펙 자격증 수업 진행,현재 서울현대직업전문학교는 호텔조리학과 과정을 포함해 호텔제과제빵학과 과정  유아교육과 과정  경찰행정학과 과정  드론학과 과정 등 전 과정에서  학년도 신입생을 모집하고 있다  자세한 모집요강 및 취업현 ,1,1
138,서울호서 호텔관광카지노학과   년 연속 신라호텔 취업자 배출,졸업 후 취업과 편입  대학원 진학 및 유학 등 진로 선택의 폭이 넓다  한편 해당 계열은  학년도 신입생 모집 중이며 내신 등급에 대한 반영 없이 학생 자질과 소질을 평가하여   면접으로만 학생을 선발하고 있다 ,0,1
139,김성태  딸   부정채용  유죄 취업 특혜 뇌물 ,이 전 회장은 같은 해 케이티 상 하반기 대졸 신입사원 공채에서 김 전 의원의 딸 등 총  명을 부정  그러나 항소심 재판부는  김 전 의원과 함께 사는 딸에게 취업 기회를 제공한 것은 사회 통념상 김 전 의원이 ,1,1
140, 입학이 곧 입사  조기취업형 계약학과 뜬다,전문가들은  조금 더 이름이 있는 중견기업이나 대기업에서 이 같은 전형으로 취업 연계형 신입생을 뽑는다면 학생들의 관심이 더욱 커질 것 이라고 조언했다  신입생 모집에 미달 상황이 나타난 것은 직업계고 ,1,1
141,삼성 네이버 등 하반기 신입공채 비대면이 대세,취업포털 인크루트는 하반기 신입모집에 나선 주요 기업의 채용 소식을  일 정리해 발표했다  인크루트   삼성 포스코  삼성은 지난  일 하반기  급 신입사원 모집에 돌입했다  삼성전자와 삼성디스플레이 ,0,0
142, 교육비 전액 무료  청년 직업 자립 프로그램   뉴스쿨   신입생 모집, 대 청년 직업 교육 프로그램   뉴스쿨 이  일부터  일까지  주간   신입생을 모집한다고  일 전했다  통해 취업하고 건강한 사회 구성원으로 자립하길 바란다 고 말했다    뉴스쿨 학과별 선발인원은 ,0,0
143, 구직자  명 중  명  취업 사교육 필요해 ,취업플랫폼 사람인이 신입 구직자  명을 대상으로  취업 사교육에 대한 생각 을 조사한 결과   가  필요하다 고 답했다  이렇듯 취업 사교육이 필요하다고 생각하는 구직자가 많은 것은 취업 사교육이 최종 ,1,1
144,세종 중학교 신입생 내년부터 취업교육 강화,하지만 대부분의 학교가 신입생 학년 을 대상으로 자유학기제나 학년제를 운영하다 보니  학력이 떨어지는  이에 따라 교육청은 다음과 같은 개선 방안을 마련   년 신입생부터 적용키로 했다  우선 자유학년의 두 ,1,1
145,충북대  진로 취업 도와드려요,진로 취업 로드맵과 함께하는 신입생 멘토링 을 운영했다  이번 프로그램은  신입생 정착 멘토링 에 참여하고 있는 학생들을 대상으로 신청을 받아 총  회를 진행  신입생  여 명에게 충북대에서 운영하는 다양한 교과 ,1,0
146,올해  대 기업 신입사원  인턴 경험 스펙 줄었다,최근 잡코리아가 올해 신입직 취업에 성공한  년대 졸 학력의 신입사원  명의  합격스펙 을 조사한 결과   졸업학점 은 평균  점 점 만점 으로 예년과 같았다    또 평균  토익점수 도  점으로 작년 ,1,1
147, 년 한경 대학 취업 창업 평가  울산과학대   년 연속 경남 경북 강원 권역  위  전국  위 등극,속에서도 신입생 모집에서 눈에 띄는 성과를 내고 있다   학년도 수시  차 모집에서는 정원 내  지난해 신입생 모집결과를 보면 서울 경기 지역 대학만 충원률  를 달성했고   에 살짝 못 미치는 수치로 ,1,0
148,동국대 전산원  직장인 야간대학교 개념  학년도  월 신입생 모집 나서,주말학사과정 신입생을 모집한다고 밝혔다  주말학사과정은 고등학교 졸업 예정 이상 학력 소지자로  현재 동국대 전산원은 성공적인 취업사례와 학사편입 및 대학원 합격자 명단을 홈페이지에 공개하고 있으며 ,1,0
149, 출근길  취업자  개월 연속 감소  이후 최장 감소세 경제단체  중대재해법 철회하라     경제 , 세대 취준생  는 정년 퇴임 목표로 안 해  세대  신입 취업준비생  명 중  명 이상은 첫 직장에서 정년까지 다니는 것을 목표로 하지 않는 것으로 나타났습니다  취업포털 사람인이  대  세대  구직자 ,0,0
150,대기업 신입사원도 받는 근로장려금 논란,이러한 경우 연봉이 높은 신입사원도 하반기에 취업해 월급을 몇 달치만 받았다면 연소득이  천만원을 넘지 않아 장려금을 받을 수 있는 조건이 된다  실제로 제도 개편 이후   세 미만 단독 가구에만 매년 약  천억원이 ,0,0
151, 첫 출근 언제하죠 대한항공 신입사원  여명   년째  입사 대기 ,업계에 따르면 이미 일부 신입사원들은 대한항공 입사를 기다리지 못하고 다른 기업에 취업한 것으로 전해졌다  대한항공도 다른 회사 입사를 막고 있지는 않다  특히 한진그룹이 대한항공과 아시아나항공의 합병을 ,1,0
152,성인남녀    올해 버킷리스트 달성 못했다 로또  취업  결혼  이직   미완으로 ,취업 신입 과 이직 직장인 이 올해의 목표 양대산맥에 꼽혔다  이어 금연 및 다이어트 등 건강관리  어학 및 자격증 취득  로또 및 복권당첨  저축 또는 주식투자  내 집 마련  연애 및 결혼 ,0,1
153, 취업걱정없는 명품학교 서울디지텍고등학교,전공 분야에 대한 인지도 향상으로 신입생 성적과 취업률이 꾸준히 오르고 있다  학교는 취업뿐만 아니라 글로벌 인재 양성을 위한 다양한 프로그램도 운영한다  글로벌 현장학습을 통해  년부터 인도의 정보기술 ,1,1
154,지방서 수도권으로 재입사  공기업  중고신입 늘었다,신입 직원들 입장에서는 작은 기관에 취업했다가  년 정도 경력을 쌓은 뒤 더 좋은 기관 신입으로 다시 도전해 취업해도 손해볼 것은 없다  임금이 높아지니 연봉 보전도 되는 데다 기존 직장에서 쌓은 노하우가 있어 ,1,0
155, 삼성에서   배웠습니다  믿고 뽑는다는 대기업 취업지원프로그램 수료자들,  취업준비생 김모 씨는 지난  월부터 진행하고 있는  삼성 청년 소프트웨어 아카데미   기  방식으로 신입사원  명을 뽑기도 했다  금융업계 관계자는  최근 은행권은 물론 증권  보험업계까지 ,0,0
156,미국 명문 위스콘신대학교  신입학생 대상 온라인 학점 수업 신청 접수 중,현재 신입학생을 대상으로 온라인 학점 수업 신청을 접수 중이라고 전했다  온라인 학점 수업은  여유롭게 취업을 준비할 수 있다는 장점이 있다  또한  유학을 시작하게 되면 새로운 분위기에 학점관리에 소홀해질 수 ,1,1
157, 대졸 신입  고졸한테 인사도 안 시켜 특성화고에 드리운  차별 ,신양은  실제 특성화고를 졸업하고 취업한 언니들이  고졸 이라는 이유로 차별적인 말을 많이 들었다고  대졸 신입이 처음 들어오면  고졸한테는 인사를 안 시켜준다 며 차별을 경험했다고 밝혔다  심지어는 고졸인데 ,0,0
158, 건설인재 오세요  서희 시티 서한 에이스건설 등 중견사 신입 경력직 모집,내외뉴스통신    이희선 기자 중견 건설사들이 올해  월 막바지 신입 인재 채용에 나서고 있다   일 건설취업플랫폼 건설워커 대표 유종현 에 따르면 서희건설  시티건설  서한  에이스건설 등이 신입 및 경력사원 ,0,1
159, 문송 도  개월이면 개발자로 취업하는 방법,코로나  장기화로 취업 문턱이 더 높고 단단해진 가운데 경력사원은 물론 신입사원에게도 새로운 분야의 취업 문을 열어주는 스타트업이 눈길을 끈다  코드스테이츠는 전공이나 배경  경제적 여건과 상관없이 구직자의 ,1,0
160,충북대 진로 취업 로드맵 그린다,진로 취업 로드맵과 함께하는 신입생 멘토링 을 운영했다  프로그램은  신입생 정착 멘토링 에 참여하고 있는 학생들을 대상으로 신청을 받아 진행했으며 총  회를 진행해 신입생  여 명에게 충북대에서 운영하는 ,1,0
161, 바늘구멍  취업시장  아산이 함께 뚫는다,대학청년들의 취업지원과 고용활성화를 달성하기 위한 양 기관간 업무협약을 체결했다고 밝혔다 이번  중소기업들은 신입사원을 뽑지 않는 기업들이 많아서 대학 졸업생 절반 이상이 직업을 찾기 어려울 것 같다는 ,1,1
162,창성그룹 신입 경력 공채   주 창성 창성건설 주   일까지 서류 접수,창성그룹은 신입 및 경력사원 공채를 실시한다고  일 밝혔다  코로나  팬데믹 세계적 대유행 으로 인한  창성그룹 인사 채용 관계자는  코로나  로 어려운 취업 상황이 지속되고 있지만  이번 공채뿐만 아니라  년 ,0,0
163,신입 구직자    하반기 구직 포기 ,취업플랫폼 잡코리아가 신입 구직자  명을 대상으로  하반기 구직활동 현황 을 조사한 결과다  먼저 잡코리아가 설문에 참여한 신입 구직자들에게  현재 하반기 구직활동을 하고 있는지  물었다  그 결과  ,0,0
164,높은 취업률 장학금 자랑   핵심인력 양성, 학년도 신입생부터 신설한 입학장학금의 경우 고교 내신성적  등급 전문계고  등급  이내 학생들에게는 선발 심의를 통해 한 학기 등록금 전액을 장학금으로 지급한다  취업률 또한 전국 대학 상위권에 해당하는 ,0,1
165,청년 취업부터 고민까지 책임지는  대학일자리센터 ,경남대는 코로나 로 대학 생활 적응에 어려움을 겪는 신입생들을 위해 원스톱 상담지원 체계인  고상해 고민상담해결 드림  프로젝트를 구축했다  학생들이 대학일자리센터 등 진로상담과 취업지원을 담당하는  개 ,0,0
166,대전신일여고  명 공공기관 신입사원 채용 합격,한국철도공사  년 고졸 신입사원 채용에 합격한  왼쪽부터  김서현  김윤희  이수현 양  대전신일여고 제공  및 취업 역량 강화 교육 등의 변화를 이끌어 창의성과 따뜻함을 함께 갖춘 인재 양성을 게을리하지 않겠다 ,1,1
167,신입사원 입사 연령   년간  세 올랐다,인크루트 서미영 대표는  취업난으로 졸업을 미루는 대학생들이 많아지고  구직 준비기간이 길어지는 만큼 첫 취업 연령대가 점차 높아지는 추세다 며  한편으로는 취업 후 다시 신입으로 입사하는 ,0,1
168,대기업 신입사원도 받은  근로장려금 ,이 때문에 연봉이 높은 신입사원이라도 취업을 하반기에 해 월급을 몇 달치만 받았다면 연소득이  천만 원에 못 미쳐 근로장려금을 받을 수 있게 됐다  자신의 회사를 인증하고 활동하는 블라인드 앱의 게시판에서 ,1,0
169, 학과 학과 대입성적 취업률은 국민대 행정 인기는 단국대,대학 간 비교 시에는 졸업 후 취업률  중도탈락률  신입생 충원율 등 정량 지표를 주로 활용  객관성을 유지할 계획이다  수험생에게 어느 한 쪽으로 치우치지 않는 정보를 제공해 대학 선택에 도움을 주기 위해서다 ,0,0
170,코로나로 막힌 취업문 드디어 열리나 내년도 신입사원 인턴채용 시작, 일 취업포털 인크루트와 취업성공  위 플랫폼 잡코리아는 내년도 대졸신입 및 인턴 채용을 시작한 기업들을 소개했다  먼저 현대자동차는 제네시스 전략지원 부문 채용전환형 인턴을 선발한다  모집분야는 ,0,0
171, 조기취업형 계약학과 선도대학 육성사업  참여  개대학  참여기업 모집,가능하다 라며  기업들은 신입사원 교육에 드는 비용과 시간을 절감할 수 있는 점이 가장 큰 장점으로 꼽힌다 고 전했다  한편   년부터 시작된 조기취업형 계약학과 선도대학 육성사업은 첫해에 선정된  개 대학을 ,0,1
172,전남대  신입생 수시모집 면접 실시간 화상으로 진행,전남대학교가 내년 신입생 수시모집을 위한 면접을 실시간 화상으로 진행한다  전남대학교는 지난  월  조기취업형계약학과 수험생은 여수캠퍼스에서 대면 면접을 실시할 예정으로 면접장소와 시간은  월  일 전남대 ,0,0
173,취업시장 대세  올드루키 명 중  명  중고신입 갈 수 있다 , 올드루키  정말 경쟁력 있나  조직 생활 경험  강점 업종별  온도차  중고신입은 취업시장에서 유리할까  불리할까  블라인드 채용이 늘어나 나이 제약이 적어지고 경기 불황으로 신입 교육에 자원을 투자할 ,0,0
174,하반기도 취업 바늘구멍 신입 채용계획   그쳐 ,취업포털 인크루트는  천 개 상장사를 대상으로 올 하반기 대졸 신입사원 채용계획을 조사한 결과를  일 공개했다  조사기간은 지난  월  일부터  월  일까지 총  일간이다  참여기업은  대기업   곳 ,0,1
175, 고난이도 과제에  시간 교육까지  국민은행의 황당한 신입 공채에 취준생 분노,서류 단계서 난이도 높은 사전과제 제출 요구 과제내고 교육 받은 뒤 면접 전 탈락하면  무용지물   국민은행의 신입사원 채용 공고가 취업 준비생 사이에서 논란이 되고 있다  서류 전형 단계에서 면접시 필요한 과제를 ,0,0
176,서희 시티 서한 에이스건설 등 중견사 신입 경력모집,한화건설 태영건설 동부건설 금호건설 등 대형 건설사는 아니지만 건설구직자들에게 인기가 높은 중견 건설사들이 올해  월 막바지 신입 인재 채용에 나서고 있다   일 건설취업플랫폼 건설워커에 따르면 서희건설 ,0,1
177,인기 높은 요리학과는 취업률로 증명한다 ,취업률을 보여주고 내신 및 수능 성적 반영 없이 입학사정관제 면접전형으로 학생을 선발하고 있어 호텔외식조리과정  호텔조리과정 수험생들의 지원이 점차 증가하고 있다 고 전했다  한호전은 다양한 장학제도로 신입 ,0,1
178,학사급 실무형 우수인재 조기 확보 가능한  조기취업형 계약학과  참여기업 모집한다,위 사업은  조기취업형 계약학과 선도대학 육성사업 으로  교육부 부총리 겸 교육부장관 유은혜 와  또한  선발  년 후인  학년부터는 기업에서 업무를 시작하기에 학생 졸업까지 기다릴 필요가 없어 신입사원 교육에 ,1,1
179, 이제 대졸 신입은  대 외환위기 때보다  세 높아져,인크루트 서미영 대표는  취업난으로 졸업을 미루는 대학생이 많아지고  구직 준비 기간이 길어지는 만큼 첫 취업 연령대가 높아지는 추세 라며  취업 후 다시 신입으로 입사하는 중고신입도 늘고 있어 나이가 ,0,1
180, 취업 미지수  항공 학과 인기 추락 코로나 장기화로 항공사  직격타 ,현실적인 취업 가능성을 따져 학과를 선택해야 할지 고심하고 있다 고 말했다   일 각 대학과 입시업계에  일부 항공사의 경우  신입 승무원의 입사가 장기간 지연되고 있는 실정이라 향후 항공사 관련 채용 일정 ,0,1
181,세 자릿수 채용 사라졌다  신입사원 증발 현실화, 일 취업포털 인크루트가   신입사원 채용규모 를 주제로 조사한 결과다  기업  곳이 참여했다  이에 따르면 먼저 올해 신입사원을  명이라도 채용한 기업 비율은  로 지난해   대비  포인트 감소한 ,0,1
182,수능 이후 한국 직업전문학교 인공지능학과   학년도 신입생 선발,평가해 신입생을 선발 중이다  인공지능학과는 체계적인 현장 실무 교육과 학생들이 팀을 이뤄 주도적으로 프로젝트 작품을 개발해나가는 프로젝트 시스템을 통해 매년 높은 취업률을 달성하고 있는 곳으로 많은 ,0,0
183,대졸 신입사원 평균 나이는  대 때 보다  세 많아져 ,지난달 인크루트가 구직자  명 대상으로 조사한 결과  대졸 신입 취업 나이 상한선에 대해 남성은  살  여성은  살이라고 대답했다   년 인사담당자가 밝힌 남녀 입사 마지노선도 남자는 평균  세  여자는 ,1,0
184,대졸 신입 연령대  대로 외환위기 때보다  세 가량 높아져, 년제 대학을 졸업하고 첫 취업을 하는 신입사원들의 연령대가 외환위기 때보다  세 가량 높아졌다는 조사 결과가 나왔다  취업 포털 인크루트가  일 발표한 자료에 따르면   년 대졸 신입사원의 평균 나이는  ,0,0
185,광주 서구   분야 신입 채용 기업에 월 최대  만원 지원,청년에게는 취업유지장려금  자기계발지원금  직무교육과 노무상담 등 각종 혜택을 지원한다  서구청 관계자는  이번 사업으로 지역 내  차 산업혁명 관련 분야가 확장하고  청년이 양질의 일자리에 안정적으로 취업할 ,0,1
186,전망 밝은 노인복지 산업  서울디지털대 사회복지학과 신입 편입생 모집,또한 소규모 노인주간보호센터  요양시설 등의 창업과 운영  노인복지시설로의 취업을 희망하는 이들이   학년도 신입생과 편입생을 모집한다   차 모집 기간은  년  월  일부터  년  월  일까지 진행된다 ,1,1
187, 일부터 서울시 특성화고 신입생 선발전형 시작, 파이낸셜뉴스  서울특별시교육청은  학년도 특성화고등학교 신입생 선발전형을 오는  일부터  특성화고 특별전형 중 미래인재전형은 출결  봉사활동  학업계획서 및 자기소개서 등을 반영하며 취업과 창업 의지가 ,0,0
188,신입사원 나이   때 보다  살 많아졌다,높아지는 추세다 라면서  한편으로는 취업 후 다시 신입으로 입사하는 중고신입이 늘어나는 만큼 신입사원으로서 준비된 자세를 보여준다면 나이가 입사를 가로막지는 않을 것 이라고 조사 소감을 전했다 ,1,1
189,경력단절 여성 줄었다는 데 여성 취업시장은 오히려  깜깜 ,올해  월부터 다시 취업을 준비하고 있습니다  안 그래도 마땅한 직장 찾기가 어려운데  코로나  여파로 고용시장까지 얼어붙었습니다   김경선 경력단절여성    회사에서  그냥 있는 사람으로 가고 새로운 신입을 뽑지 ,0,1
190,올해 신입사원 합격스펙  인턴경험  줄고  영어말하기  늘어 ,잡코리아가 올해 신입직 취업에 성공한  년대졸 학력의 신입사원  명의  합격스펙 을 조사한 결과 매년 증가 추세를 보이던  인턴경험  과  자격증 취득  비율은 감소하고   영어말하기 점수  보유자가 크게 증가한 ,1,0
191,취업할 때 가장 중요한 스펙은   학벌보다 인턴 경험이 더 중요 ,  구직자  학벌  전공보다 인턴 경험 중요   일 취업정보 사이트  진학사 캐치 가  대 취업준비생   그룹은 올해부터 신입사원의   이상을 채용 연계형 인턴으로 선발한다고 밝혔다    역시 올해 하반기 ,1,0
192, 취업  티몬  하반기 신입   공개 채용,티몬이 두 자릿수 규모의 신입   공개 채용을 시작한다고  일 밝혔다  서류접수 후 빠르면  주일 만에  채용 대상은  가전  식품  패션  리빙 등 전체 카테고리의 상품 소싱을 담당할 신입  ,0,0
193,직장인    경력 포기 신입 지원  가장 큰 이유는 바로 ,못하고 신입사원으로 취업해도 괜찮다는 직장인들이 상당수에 이르는 것으로 보인다 고 분석했다  한편 지난해 잡코리아 조사 결과  실제 인사담당자  명중  명 은  신입직 채용 시 올드루키 지원자가 ,0,0
194, 구직자  명 중  명  하반기 취업 못할 것 같아 ,취업플랫폼 사람인이 신입 구직자  명을 대상으로  하반기 취업 자신감 에 대해 조사한 결과   가  취업할 자신이 없다 고 응답했다  성별로는 여성 이 남성 보다 자신 없다고 응답한 비율이  ,1,0
195,한국관광대 국제비서과  취업캠프로  취업역량  ,한편 한국관광대는  일까지  학년도 수시 차 신입생을 모집한다  입학 담당자는  한국관광대 모든 학과는 관광분야와 연계돼 있어 취업 및 진로탐색이 유리하다 며 일반전형은 고등학교 졸업 예정 자라면 누구나 ,0,1
196,정규직 전환 두고  취업 갑질  논란 채용 전환형 이 아니라  채용 고려형  인턴 ,지원자 입장에서는 실무 경험을 쌓고 회사에 대해서 알아가는 기회이며  기업 입장에서는 신입이 입사하기 전에 구체적인 평가를 내릴 수 있다  게시글에서는 일부 기업의 경우 채용 전환형 인턴 운영 과정에서 취업 ,0,1
197,패션단일전공 서울패션직업전문학교  수시 차 추가모집 기간 신입생 선발,맞춰 신입생을 선발한다고  일 밝혔다 서울패션직업전문학교는 패션디자인과 패션비즈니스전공으로  폭넓은 취업 지원뿐만 아니라 공모전  크루 를 운영하여  한국의상디자인학회 제로웨이스트 총  명 수상 및 ,1,0
198,전문대 수시  차 기간  높은 취업률 인서울 전문학교  주목 ,이에 수능과 내신 성적을 반영하지 않고 신입생을 모집하는 인서울 전문학교가 높은 취업률을 자랑하며 주목받고 있다  서울 당산에 위치한 서울현대직업전문학교 이하 서현전 는 현장중심  취업중심의 커리큘럼을 통해 ,1,1
199, 될성 부른 신입 보다  즉시 투입 경력  뽑는 대기업,대졸 신입사원의 취업 문은 더욱 좁아진 셈이다  채용 전형이 시작부터 끝까지 언택트로 속속 바뀌는 점도 코로나 가 낳은 특징이다  대졸 신입사원 공채 속속 없애고 수시 채용 도입  일 재계에 따르면 주요 그룹 ,0,0
200,한국과학기술직업전문학교  학년도 신입생 선발,면접전형으로 신입생을 선발 중이다  과기전 관계자는  항공정비 단일과정을 운영하며 항공정비사 취업에 있어 가장 중요한 면장 취득에 유리한 실습이 진행되고 있으며 실제로 본교의 항공정비사 면장  항공산업기사 등 ,1,0
201,충북대  신입생 진로 설계 돕는 멘토링 운영,충북대 대학일자리센터는 지난  월  일부터 이달  일까지   진로 취업 로드맵과 함께하는 신입생 멘토링 을 운영했다  이 프로그램은 신입생들이 저학년부터 학과 학년별 진로 취업 로드맵을 활용해 진로를 ,0,0
202, 양승훈의 공론공작소 청년정책  취업 넘어 커리어 형성 도와라,것이 취업률이다  기본은 신입생 재학생  올해도 입학처의 비장한 당부와 함께 신입학 전형을 진행했다  인구 절벽에 코로나 로 인한 교육의 질 저하로 지원자가 급격히 줄 수 있다는 것이었다  교수들은 입학 면접 때 ,1,0
203,상반기 취업성공률  도 안돼  대기업 공기업은 더 낮아 ,취업성공 플랫폼 잡코리아가 알바몬과 함께 올 상반기 동안 구직활동을 했던 대졸 신입직 구직자  명을 대상으로  년 상반기 대졸 신입직 취업성공률 현황 에 대해 조사한 결과 설문에 참여한 취준생 중 ,0,1
204,미국 텍사스주립대 캘리포니아 산타모니카대학   학년도 음악대학 신입생 선발 공동 오디션 진행,편입지도  취업지도를 받는다  드림아이에듀 민은자대표는  국내 텍사스주립대 한국교육원에서 한  음악 신입생 선발 공동 오디션이 진행 중이다  수시모집은  년  월  일  정시  차와  차 모집은 ,1,1
205,신입 구직자    코로나 때문에 하반기 구직 포기했다 ,취업포털 잡코리아가 신입 구직자  명을 대상으로  하반기 구직활동 현황 을 조사한 결과  가 현재 하반기 구직활동을 하고 있다고 답했다   는  자격증 취득 등을 이유로 구직활동을 잠시 미뤄둔 상태 ,0,0
206,구직자  명중  명  하반기 취업 자신없다 ,취업포털 사람인은 신입 구직자  명을 대상으로  하반기 취업 자신감 에 대해 조사한 결과   가  취업할 자신이 없다 고 답했다고  일 밝혔다  성별로는 여성 이 남성 보다  취업에 자신 없다 고 응답한 ,0,0
207,기업  곳 중  곳  신입사원 연령 높아져 ,취업 시장이 갈수록 얼어 붙으면서 기업들의 신입사원 연령도 높아지는 것으로 나타났다   일 구인구직 매칭 플랫폼 사람인이 기업  개사를 대상으로  신입사원 연령 변화 를 조사한 결과   곳 중  곳 이 ,1,0
208,창성그룹  신입 경력 공채 오는  일까지 접수 가능,구분해 신입과 경력사원 채용을 전개한다  서류접수 이후 실무면접  최종면접을 거쳐 최종합격자를 선발하고  년  월 정식 입사할 계획이다  창성그룹 인사 채용 관계자는  코로나  로 어려운 취업 상황이 지속되고 ,0,1
209,한국관광대 국제비서과  취업캠프 진행으로  취업률  ,한편  한국관광대는  월 일부터  월 일까지  학년도 수시 차 신입생을 모집한다  입학처 담당자는  한국관광대의 모든 학과는 관광분야와 연계돼 있어 취업 및 진로탐색이 유리하다 며   일반전형은 고등학교 졸업 ,0,1
210,올 상반기 바늘구멍 뚫기보다 힘든 취업성공 신입사원은 누구 ,코로나  여파에도 취업에 성공한 신입사원은 누구일까  취업포털 사람인은 올 상반기 신입 채용을 진행한  개 기업을 대상으로  신입사원 채용 결산 및 합격 스펙 을 조사한 결과 신입사원의  가 ,0,0
211,입학 취업률 등 따져 재정지원 제한  대학 걸러낸다,임은희 대학교육연구소 연구원은  지방의 소규모 대학일수록 신입생 충원율  졸업생 취업률 같은 기준을 만족시키기 쉽지 않다  재정지원 제한 대학은 사실상 정부가 붙인  퇴출 대상  딱지가 될 가능성이 높다 고 ,0,0
212,  신입 취업목표  위 공기업 희망연봉은  만원, 년 신입직 구직자의 취업 목표  위는 공기업이라는 조사 결과가 나왔다  잡코리아는 구직자  명을 대상으로 취업 목표 기업 등을 조사한 결과  응답자의  가 공기업 취업을 희망했다고  일 밝혔다  이어 ,1,0
213,수능가채점 후 정시 지원 가능 대학 파악  숭실대 글로벌미래교육원 신입생 선발, 학년도 신입학 면접전형을 실시하고 있다  수시모집 전형기간에 고  수험생들이 희망하는 전공에 대해 입학상담을 진행하고 있으며 진로상담  학사편입  취업 등 다양한 진로 탐색 활동을 빠르게 이어가고 있다  학교 ,0,1
214,부산 대광고등학교   년 신입생 입시 특별전형 최고 경쟁률   기록,전국 특성화고 신입생 전형이 진행되고 있는 와중에 높은 경쟁률을 기록한 부산의  차산업 명문  후 취업과 진학 등에도 다양한 기업과의 제휴로 경쟁력 있는 명문 특성화고로 인정받고 있다   년 정부부처 ,1,1
215, 학과 학과 국민대 국제통상  취업 우세 수시경쟁률 서울과기대,대학 간 비교 시에는 졸업 후 취업률  중도탈락률  신입생 충원율 등 정량 지표를 주로 활용  객관성을 유지할 계획이다  수험생에게 어느 한 쪽으로 치우치지 않는 정보를 제공해 대학 선택에 도움을 주기 위해서다 ,0,0
216,서울 특성화고  곳   일부터 신입생 약  만 천명 뽑는다,바탕으로 취업 창업 의지가 명확하고 성장 가능성이 있는 학생들을 선발한다  학교별 특별전형은 학교별 전형 요강에 따라 이뤄진다  일반전형의 경우 중학교 석차 백분율을 기준으로 신입생을 선발한다 ,0,1
217, 건설 서한 화성산업 등 건설사 신입 경력채용, 일 건설취업플랫폼 건설워커에 따르면  건설  서한  화성산업  동인종합건설 등이 신입 및 경력사원 채용을 진행한다  먼저  건설이 신입사원을 모집한다  모집분야는 건축 시공 이며 자격요건은  정규  년제 대학 ,0,0
218,전문대 수시  차 신입생 모집 취업 잘되는 전문학교  주목 ,특히 올해는 코로나 로 청년 취업난이 장기화되면서 취업률 높은 전문학교를 찾는 수험생이 증가하는  전문대 수시  차 모집 기간은  월  일부터  월  일까지며  현재  서울예술실용전문학교는  학년도 신입생 모집 ,1,1
219, 신입사원  명 중  명꼴 조기퇴사  커리어하이  직무교육으로 실업문제 해결 앞장서,국내 한 취업포털이 지난해 기업  개사를 대상으로  입사  년 미만 신입사원 중 퇴사자 발생 여부 를 조사한 결과  가  있다 고 답했다   년 같은 조사 결과였던   대비  포인트 늘어난 수치다  전체 ,0,0
220,한호전 커피바리스타 와인소믈리에학과  취업 맞춤형 커리큘럼으로 전문가 양성,각 산학협력 업체는 학교에서 이뤄지는 취업박람회 기간 동안 참여하여 한호전의 우수한 학생들을 신입사원으로 채용하고 있다 며   커피바리스타학과 과정 학생들에게 대기업 프랜차이즈  특급호텔의 식음료파트 ,1,1
221, 취업    신입 경력사원 공개 채용 실시,사진   가  년도 신입 경력사원 공개 채용 을 실시한다고  일 밝혔다  올해 채용 예정 인원은 약  명으로 지난해와 비슷한 수준을 유지했다  올해 신입사원 채용은  급 원급 전형과  급 전형으로 나뉘어 ,0,0
222,중기중앙회 가스안전공사 기업은행  공공기관 신입 인턴 채용,막바지 신입 인재채용에 나섰다  이달 중소기업중앙회  한국가스안전공사  한국과학기술연구원에서는 정규직 채용을   기업은행  예금보험공사  신용보증재단중앙회에서는 청년인턴을 모집 중인 것  이에 취업포털 ,0,1
223,수시가 공채 비중 첫 역전 신입  발 붙일 데 없어요 , 이상민 취업준비생   저 같은 신입은 도저히 발붙일 데가 없는 상황이더라고요  수시 채용이 늘어난다고  오 좋은데  했는데 알고 보니까 더 실망감만 큰  신입 채용 규모가 줄고 수시 채용으로 빠르게 바뀌면서 ,0,0
224,취업 명문대학으로 자리잡은  서정대학교 ,   취업에 강한  대학   공무원  명 배출서정대학교는 무엇보다  취업에 강한  대학이다  교육부의  지난  년 신입생  명이 입학하면서 첫발을 내디딘 서정대는 올  월 기준으로  명이 재학하는 대학으로 ,1,1
225,올 상반기 코로나  뚫고 취업성공한 신입사원 스펙은 ,코로나  여파에도 올 상반기 취업에 성공한 신입사원의 스펙은 어느 정도일까  취업포털 사람인은 올 상반기 신입 채용을 진행한  개 기업을 대상으로  신입사원 채용 결산 및 합격 스펙 을 조사한 결과 ,1,0
226,한국 직업전문학교 융합보안학과   학년도 신입생 모집  보안전문가 양성, 학년도 신입생을 선발한다고 밝혔다  한국 직업전문학교는 실기 위주의 교육을 통해 재학기간 중 다양한 개발 활동과 포트폴리오 제작으로 안정적인 취업을 지원하고 있다   년제로 운영하며 졸업 시  년제 학사학위 ,1,0
227,좁아진 저축은행 채용문 만 신입 채용 돌입,특히 경력직 선호 현상이 저축은행 업권 내에서도 두드러지면서 대졸 신입을 대상으로 한 취업 한파가 예상된다  한 저축은행 관계자는  시장 불확실성이 커지고 영업점도 줄어드는 추세 속에 신입을 채용해 양성하는 ,0,0
228,기업  곳중  곳만 올해 신입사원 채용,코로나 사태로 기업들의 신입사원 채용이 크게 줄어든 것으로 나타났다   일 취업포털 인크루트가 최근 기업  곳을 대상으로  년 신입채용 결산조사를 한 결과 올 한해 신입사원을 뽑은 기업 비율이 ,1,1
229, 놀면 뭐하니  유팡  영업 하루만 김종벨 대북곤 추가 영입  신입 마음 배달꾼 ,신입  마음 배달꾼 으로  김종벨 김종민 과  대북곤 데프콘 이 합류해 더 많은 의뢰인들이 마음을   유팡 유재석 은 본격적인  마음 배달꾼 의 업무 시작에 앞서 임금 협상을 시도했는데  취업의 문턱을 두드린 지 ,0,1
230,금감원   년 신입공채 온라인 채용설명회, 부는 올해 입사한 신입직원  명이 취업준비 과정  필기시험 면접 노하우 등 후기를 들려주는 내용으로 진행된다  방송 중 실시간 채팅을 통한 질의응답도 가능하다  금감원은 금융소비자에게 유익한 금융정보를 ,1,0
231,호텔학교 호텔경영학과 취업역량 향상 시킬 수 있는 이미지메이킹 교육진행,호텔학교 한호전은 대학보다 높은 취업률과 해외 취업연계 프로그램을 갖추고 있으며  내신 및 수능 성적 반영 없이 입학사정관제 면접전형으로 학생을 선발하고 있다  현재 관광학과과정은 신입생 모집을 진행하고 ,1,0
232, 취업    신입 경력직원 총  명 채용, 는 코로나 로 침체된 취업시장에 활력을 불어넣기 위해  급 신입직원  명   급 경력직원  명 등 총  명의 대규모 채용을 실시한다고  일 밝혔다  채용 일정은 이날 모집공고를 시작으로  오는  일 월  일 원서 ,0,0
233,신입 구직자    비정규직이라도 취업하겠다 ,신종 코로나바이러스 감염증 코로나  여파로 취업 시장이 얼어 붙으면서 신입 구직자 절반 이상은 비정규직으로라도 취업을 원하는 것으로 나타났다  구인구직 매칭 플랫폼 사람인은 신입 구직자  천 명을 ,0,0
234, 뉴스터치   신입사원 근태 복장 실수 용납 못해 ,어렵게 취업에 성공했더라도 신입 사원이라면 절대 해서는 안 되는 실수가 있다고 합니다  재밌게 보셨나요  하지만 이러한 모습들이  신입사원이라도 절대 해서는 안 되는 치명적인 실수 라고 합니다  한 ,0,0
235,한국 직업전문학교 웹툰학과 웹툰 작가 양성   학년도 신입생 선발,수능 이후 한국 직업전문학교 웹툰학과가 신입생 선발 시 내신이나 수능 성적을 반영하지 않는  기업으로 취업을 지원하고 있다 고 말했다  한편  한국 직업전문학교는 취업에 맞춘 커리큘럼을 바탕으로 정규학기 ,0,1
236,서울현대직업전문학교 호텔외식조리학과  취업 스펙 중심 수업 진행, 의 취업률을 기록하였다  현재 서울현대직업전문학교는 호텔외식조리학과 과정  호텔제과제빵학과 과정  유아교육과 과정  드론학과 과정  경찰행정학과 과정 등 전 과정에서  학년도 신입생을 모집하고 있다  자세한 ,1,1
237,신입사원 퇴사 결심 이유는 연봉보다 사람 때문,취업포털 인크루트가 입사  년차 미만 신입사원  명을 대상으로  퇴사결심 시기 및 이유 에 대해 조사한 결과다  먼저 설문에 참여한 신입사원 가운데  는 퇴사를 고민해봤다고 답했다  그 이유 복수선택 로는 ,0,0
238,충북대 대학일자리센터  신입생 멘토링 운영,진로 취업 로드맵과 함께하는 신입생 멘토링 을 운영했다  이번 프로그램은  신입생 정착 멘토링 에 참여하고 있는 학생들을 대상으로 신청을 받아 진행했으며 ,0,1
239,서울 특성화고 내년도 신입생 선발 개교서  만 여명,특성화고등학교의 경우 성적보다 학생의 창업 취업 의지 등을 중점에 두고 신입생을 선발하기 때문에 특별전형 모집 비율이 높다는 것이 서울시교육청의 설명이다  특별전형 원서접수 기간은 오는  일이다  서류 ,0,0
240,코로나  취업시장 직격탄 대졸 신입 채용도 한자릿수,올 초부터 시작된 코로나  펜데믹으로 인해 대다수 기업들이 타격을 받으면서 대다수 기업들의 대졸 신입사원 모집 규모가 한 자릿수에 머문 것으로 나타났다   일 취업포털 인크루트 대표 서미영 에 따르면 기업 ,1,1
241,신입 구직자    하반기 구직 포기 ,취업 플랫폼 잡코리아가 신입 구직자  명을 대상으로  하반기 구직활동 현황 을 조사한 결과를  일 전했다  설문에 참여한 신입 구직자들에게  현재 하반기 구직활동을 하고 있는지  물었다  그 결과  의 ,0,0
242,신입 구직자 취업선호도 삼성 공기업  순,내년  년 신입 취업을 준비하는 취업준비생들이  가장 취업하고 싶은 기업 으로  삼성 을 꼽았다  이어  공기업 공공기관 에 취업하고 싶다는 취준생이 다음으로 많았다  잡코리아가  년 신입직 취업을 준비하는 ,0,1
243,   여명 규모 신입사원 뽑는다, 대표 구현모 가 오는  월 신입사원 채용을 위한 인턴십 모집을 시작한다고  일 밝혔다  이번 채용은  월  실무경험과 취업 기회를 확대 제공할 수 있도록 노력하겠다 고 밝혔다 선민규 기자 ,0,1
244, 신입사원 연령 높아졌다 ,신입사원 연령이 높아진 이유는 절반 이상  복수응답 이  취업난이 이어지고 있어서 라고 꼽았다   스펙을 쌓느라 시간이 많이 걸려서   중고 신입들이 늘어나서   지원자의 눈높이가 ,0,0
245, 놀면뭐하니  유재석  신입 마음배달꾼 김종벨 대북곤 채용,도와줄 신입  마음 배달꾼  두 명을 영입했다 고 전했다    주식회사 에 먼저 도착해 영업을 시작한  유팡은  유팡은 본격적인  마음 배달꾼 의 업무 시작에 앞서 임금 협상을 시도했는데  취업의 문턱을 두드린 지 ,1,1
246,상반기 취업 성공한 신입사원  명 중  명은  이공계열 ,상반기 취업에 성공한 신입사원  명 중  명은  이공계열 인 것으로 나타났다   일 취업포털 사람인이 상반기 신입사원 채용을 한 기업  개사를 대상으로 진행한  신입사원 채용 결산 및 합격 스펙  결과를 ,1,0
247,영진사이버대  학년도 신입 편입생 모집,영진사이버대학교는  일부터 내년  월 일까지  학년도 신입 편입생을 모집한다  모집 계열 학과는  이어  년제 사이버대학은  년만에 전문학사학위와 자격증을 취득함으로써 취업이나 직장 내 승급이 가능하고 ,0,1
248, 차 산업 분야 선도하는 부산 대광고등학교   학년도 신입생 모집 시작,부산 명문 특성화고로  차 산업을 선도하는 부산 대광고등학교가  월  일부터  학년도 신입생 모집을  또한 유명 뷰티 기업과   체결로 졸업 후 학생들의 취업할 수 있도록 한다   프린팅과 는 학생들이  차 ,0,1
249,서울 특성화고  곳   학년도 신입생 모집,뉴데일리 신영경 기자   서울시교육청은 오는  일부터  학년도 특성화고 신입생 모집을 시작한다고  일  특성화고 특별전형 중 미래인재전형에서는 출결 봉사활동 학업계획서 및 자기소개서 등을 반영하며  취업과 ,1,1
250,하나은행 카카오뱅크 한국투자증권   신입채용,은행권은 영업소 축소 여파로 전체 채용규모는 줄었지만 디지털 전환을 위한 해당직무 채용에는 적극적인 모습이며  핀테크 및 증권사 역시 코로나  이후 비대면 거래량 증가로 신입 충원에 나섰다  취업포털 ,0,1
251,바늘구멍 뚫은 신입사원 스펙 봤더니 이공계  ,자격증  개 토익  점 인턴경험 보유   예년보다 줄어든 채용에도 취업에 성공한 상반기 신입사원의 스펙은 어떨까  취업포털 사람인은 상반기 신입 채용을 진행한  개 기업을 대상으로 한  신입사원 채용 ,0,0
252,조기취업형 계약학과  학사급 실무형 우수인재 조기 확보해 중소중견기업 인력난 잡아,매해를 거듭하며 심각한 상황을 이어가고 있는 중소중견기업의 인력난에 해결책이 될 수 있는  조기취업형  또한  선발  년 후인  학년부터는 기업에서 업무를 시작하기에 학생 졸업까지 기다릴 필요가 없어 신입사원 ,1,1
253,대졸 신입  대 시대 첫 취업 외환위기  세    세,인크루트 서미영 대표는  취업난으로 졸업을 미루는 대학생이 많아지고  구직 준비 기간이 길어지는 만큼 첫 취업 연령대가 높아지는 추세 라며  취업 후 다시 신입으로 입사하는 중고신입도 늘고 있어 ,1,1
254,대학 나와 첫 직장인 평균 나이가 중고신입도 늘어서 ,인크루트는  취업난으로 졸업을 미루는 대학생이 많아지고  구직 준비 기간이 길어지는 만큼 첫 취업 연령대가 높아지는 추세 라며  취업 후 다시 신입으로 입사하는 중고신입도 늘고 있어 나이가 입사를 ,0,1
255, 에 오게 되면  신입사원 채용 동영상 등장한 최태원,현직 대기업 총수가 공채 응시자와 취업준비생들을 위해 영상을 제작한 것은 다소 이례적이다  최 회장은 영상에서  에게도 신입사원 채용은 미래의 행복을 함께 만들어 나갈 구성원을 찾는 가장 중요한 과정 ,0,1
256,호텔 수업으로 취업 공략하는 호텔조리학과는 어디 ,그러나 한호전은  년 엠블던 호텔을 통해 재학생들이 취업을 앞두고 현장에서의 능동적인 활동  창의적인  한호전은 다양한 장학제도로 신입생들의 장학혜택 수여가 가능하다  특히 호텔외식조리과정  호텔조리과정 ,1,1
257,올해 신입사원 합격스펙  인턴경험  줄고  영어말하기  늘어 ,잡코리아가 올해 신입직 취업에 성공한  년대졸 학력의 신입사원  명의  합격스펙 을 조사한 결과 이같이 나타났다  잡코리아는 매년 한 해 동안  대 기업에 입사한 신입사원의 합격스펙을 수집해 스펙 ,1,1
258,직장인  명 중  명  경력 포기하고 중고신입 지원 ,하는 직장인들이 증가하고 있다 면서  복지제도나 연봉 등 원하는 조건을 갖춘 일자리를 찾는다면 경력을 인정받지 못하고 신입사원으로 취업해도 괜찮다는 직장인들이 상당수에 이르는 것으로 보인다 고 설명했다 ,0,0
259, 수도권 취업명문  서정대  차 수시모집 장학금 혜택 풍성,경기북부  취업 명문  서정대학교가 오는  일까지 수시 차 모집을 실시해 인재들의 입학지원을 기다린다   년 신입생  명이 입학하면서 첫발을 내디딘 서정대는 올  월 기준으로  명이 재학하는 대학으로 짧은 ,0,1
260, 토익  점에 이공계 상반기 신입사원 스펙 보니,예년보다 힘들었던 올 상반기 구직난을 뚫고 취업에 성공한 신입사원  명 중  명은 이공계열인 것으로 나타났다  구인구직 매칭 플랫폼 사람인은 상반기 신입 채용을 진행한 기업  개사를 대상으로 ,0,0
261,상반기 신입직 취업성공률   전년대비   감소,취업성공률현황 잡코리아알바몬제공 취업포털 잡코리아가 알바몬과 함께 올 상반기 동안 구직활동을 했던 대졸 신입직 구직자  명을 대상으로  년 상반기 대졸 신입직 취업성공률 현황 에 대해 조사한 ,0,1
262,내년부터 학생 충원률 취업률 등 기준미달 대학  돈줄  끊는다, 년제 일반대학의 경우 전임교원확보율은   신입생충원율   졸업생 취업률   법인 책무성  를 충족해야 한다  전문대학의 경우 전임교원 확보율   신입생충원율   법인책무성은  를 충족해야 하며 졸업생 ,0,0
263,서울 특성화고 신입생  개교  만 천여명 선발,서울시교육청   일부터 특별전형 원서접수  학년도 특성화고등학교 신입생 선발전형이  일 시작된다  특성화고 특별전형 중 미래인재전형은 출결  봉사활동  학업계획서 자기소개서 등을 반영하며 취업과 창업 ,0,0
264,창성그룹  신입 경력 공채 실시  다양한 직군에서 인재 모집 ,불구하고 신입 경력사원 공채에 나섰다  이번 공채뿐만 아니라  년 상반기에도 수시 채용을 기획하고 있다 고 밝혔다  이어  모두가 행복한 일상을 되찾을 수 있기를 희망하면서 이번 공채가 많은 취업준비생들에게 ,0,1
265,신입사원도  년차도  상사 잔소리  때문에 퇴사 결심,취업포털 인크루트가 직장인  명을 대상으로 퇴사결심 사유에 대해 설문조사 한 결과를  일 발표했다  그 결과  올해 입사한 신입사원은  상사 잔소리 를  입사  년 년차는  대인관계 ,0,0
266,올해 신입사원 채용 기업 전년대비   감소,취업포털 인크루트는   신입사원 채용규모 를 주제로 기업  곳을 대상으로 조사한 결과를  일 밝혔다  올해 신입사원을  명이라도 채용한 기업 비율은  로 지난해   대비   감소했다  이들 ,1,1
267,충북대학교 대학일자리센터  신입생 멘토링 운영  진로와 취업 로드맵 그려요 ,진로 취업 로드맵과 함께하는 신입생 멘토링 을 운영했다고  일 밝혔다  이번 프로그램은  신입생 정착 멘토링 에 참여하고 있는 학생들을 대상으로 신청을 받아 진행했으며  총  회를 진행해 신입생  여 명에게 ,0,0
268,금성출판사 푸르넷 공부방   기 신입 지도교사 모집, 기 푸르넷 공부방 신입 지도교사 모집 부문은 공부방 교사 및 방문 교사다  교육 관련 경력이 없는 경력단절여성  재취업준비자  취업준비생 누구나 지원 가능하며 정규 대학 졸업자 및 졸업 예정자라면 전공 제한 ,0,0
269, 경기 침체에 코로나까지 대 그룹 중  곳 상반기 신입 공채,서미영 인크루트 대표는  대기업들의 대규모 공채가 줄면서 채용 규모 감소로 이어질 것이라는 우려가 나온다 며  신입사원들의 취업시장이 더욱 바늘구멍이 될 가능성이 커졌다 고 말했습니다  서 대표는  코로나 ,1,0
270,서울 특성화고  일부터 신입생 만  천여 명 선발,또 서울디지텍고와 선일이비즈니스고  선린인터넷고  성동공업고 등  곳은 인공지능 분야 신입생을 처음으로 모집합니다  특성화고를 졸업하면 정부시책에 따라 병역특례 대상 기업 취업에 취업할 수 있고 공무원과 ,0,1
271,취업난에 기업  곳 중  곳  신입사원 연령 높아져 ,취업난에 기업  곳 중  곳  신입사원 연령 높아져  취업 시장이 갈수록 얼어 붙으면서 기업들의 신입사원 연령도 높아지는 것으로 나타났다  사람인은 최근 기업  개사를 대상으로  신입사원 연령 변화 를 ,1,1
272,신입 구직자 상반기 취업목표 대기업  위  카카오 ,신입직 취업을 준비하는 취업준비생  명 중  명이 상반기 대기업 신입직 채용에 지원할 것이라 답했다  이들은 입사지원 할 대기업으로  카카오 를  위로 꼽았다  그리고 이어  삼성전자   제일제당 ,1,1
273, 리포트  대기업 꿈꾸는  중고 신입 은 옛말  중소기업도  올드 루키  선호해, 사진제공 연합뉴스  작은 기업에서 경력을 쌓아 더 크고 좋은 기업의 신입사원 공채에 지원하는 이른바  중고 신입  지원 방식은 취업시장에서 새로운 현상이 아니다  하지만 최근에 중고 신입 전략은  선택 이 아니라 ,1,1
274,기업은행  하반기 신입행원  명 공채 고졸  명, 명의 신입 행원을 공개채용한다고  일 밝혔다  올해 취임한 윤종원 행장의 의지를 바탕으로 장애인  국가유공자 대상 등 사회적 약자에 대한 채용도 확대한다  기업은행 입사를 희망하는 취업준비생은 이번 달 ,0,1
275, 저축   년 대졸신입 수시채용  진행, 저축은행은  년 대졸신입 수시채용  전형을 진행한다고  일 밝혔다  모집분야는 금융영업  통계    등  온라인 채용설명회는 저축은행에서는 처음 진행되는 것으로 기업정보  채용정보  취업 준비에 필요한 각종 ,0,0
276,게임 개발자  대학은  취업은  업계 경력자가 알려주는   토크,일이 어려우므로 사실상 신입이 하는 케이스는 극히 드물다  특정 사람이 회사 내에서 이것저것 하다 보니까 저절로 하게 되는 느낌이 크다  게임업계는 취업 이후에도 꾸준히 공부해야 하는 곳이다  기술 지향적이기 ,0,0
277,청년일자리 창출 교육모형인  조기취업형 계약학과  신입생 모집,교육부 부총리 겸 교육부 장관 유은혜 와 한국산업기술진흥원 원장 석영철 이 주관하고 있는  조기취업형   조기취업형 계약학과 선도대학 육성사업 은 청년 일자리 창출 교육모형으로  기업맞춤형 집중교육과 ,0,0
278,창성그룹  신입 경력 공채 시행 어려운 시기에도 채용 나서,불구하고 신입 경력사원 공채에 나섰다  이번 공채뿐만 아니라  년 상반기에도 수시 채용을 기획하고 있다 고 밝혔다  이어  모두가 행복한 일상을 되찾을 수 있기를 희망하면서 이번 공채가 많은 취업준비생들에 ,0,1
279,신입사원 퇴사결심까지  개월이면 충분 , 일 취업포털 인크루트가 입사  년차 미만 신입사원  명을 대상으로  퇴사결심 시기 및 이유 에 대해 조사한 결과다  먼저 설문에 참여한 신입사원 가운데  는 퇴사를 고민해봤다고 답했다  그 이유 복수선택 ,0,0
280, 저축은행   년 대졸신입 수시채용에 비대면 화상 면접 도입, 저축은행이  년 대졸신입 수시채용에 비대면 화상면접 제도를 도입했다  면접관이 화상으로 지원자와  있어 취업을 준비하는 분들이 어려움을 겪고 있다  당행은 새로운 채용 제도 도입을 통해 이러한 어려움을 ,1,1
281,대졸 신입사원 평균연령  대 외환위기 때보다  살 늘었다,인크루트가 지난달 구직자  명 대상으로 대졸 신입 취업 나이 상한선에 대해 설문 조사한 결과 남성은  살  여성은  살이라고 답하는 등 평균  살로 집계됐다  인크루트는  취업난으로 졸업을 미루는 ,1,0
282, 단독   너도 받았어  대기업 신입사원도 받은  근로장려금 ,이러다 보니  연봉이 높은 신입사원이라도 취업을 하반기에 해 월급을 몇 달치만 받았다면 연소득이  천만 원이 안 돼 장려금을 받을 수 있게 됐습니다  실제로 제도 개편 이후   세 미만 단독 가구에만 매년  천억 ,0,0
283, 학벌 스펙 상관없이 청년이라면 교육비 무료  뉴스쿨 신입생 모집,대상으로 신입생 모집에 나선다    뉴스쿨은 오는 일까지  주간  년도 신입생을 모집한다고  일    뉴스쿨을 통해 취업하고 건강한 사회 구성원으로 자립하길 바란다 고 말했다  이미지 행복나눔재단,1,1
284,남원여성새로일하기센터  취업자 사후도 관리한다 ,정남훈 교육체육과장은  따뜻한 동행 토닥토닥 멘토링사업은 신입 및 재 취업여성과 선배 취업여성들이 서로 소통하고 협력할 수 있는 기회의 장이 될 사업 이라면서  이 사업 추진을 통해 고용유지를 더욱 강화하고 ,0,1
285,올해 신입사원 합격스펙  인턴경험  줄고  영어말하기  늘어 , 일 잡코리아는 올해 신입직 취업에 성공한  년대졸 학력의 신입사원  명의  합격스펙 을 조사한 결과 이같이 나타났다고 밝혔다  잡코리아는 매년 한 해 동안  대 기업에 입사한 신입사원의 합격스펙을 ,1,1
286,금감원  유튜브로 신입직원 채용설명회 개최,금감원 채용 담당자가 모집 요강 등을 안내하고 올해 입사한 신입직원  명이 취업 준비 노하우를 전달할 예정이다  채용설명회는 당일 오후  시  분부터 금감원 유튜브 및 페이스북 계정에서 생중계된다  방송 종료 ,0,0
287,직장인    경력 포기하고 중고신입 지원해 봤다 ,하는 직장인들이 증가하고 있다 면서  복지제도나 연봉 등 원하는 조건을 갖춘 일자리를 찾는다면 경력을 인정받지 못하고 신입사원으로 취업해도 괜찮다는 직장인들이 상당수에 이르는 것으로 보인다 고 전했다 ,0,0
288,코로나에 대기업  곳중  곳만 하반기 신입채용 진행,코로나에 대기업  곳중  곳만 하반기 신입채용 진행 하반기 취업시즌이 일주일 남짓 남은 가운데 대기업 상당수는 아직 하반기 대졸 신입직 채용 계획을 확정하지 못하고 있는 것으로 나타났다   일 취업 플랫폼 ,1,1
289,금성출판사 푸르넷 공부방   기 신입 지도교사 모집,이번  기 푸르넷 공부방 신입 지도교사 모집 부문은 공부방 교사 및 방문 교사다  교육 관련 경력이 없는 경력단절여성  재취업준비자  취업준비생 누구나 지원 가능하다  정규 대학 졸업자 및 졸업 예정자라면 전공 제한 ,0,0
290, 대그룹 상반기 신입공채 단  곳 코로나 취업은  바늘구멍 ,서미영 인크루트 대표는  대기업들의 공채가 줄면서 채용 규모 감소로 이어질 것이라는 우려가 나온다 며  신입사원들의 취업시장이 더욱 바늘구멍이 될 가능성이 커졌다 고 말했다 ,0,0
291,한국식품마이스터고  수능 대신 취업 캠프 실시,법률백서  신입사원 성공기 등의 과정으로 진행되었다  수학능력시험이 치러지는 날 취업 캠프에 참가한 학생들은 취업 캠프가 마이스터고의 수능과 같은 특별한 행사라고 입을 모았다  학생들은 자신의 취업 계획을 ,1,0
292,이러니 취업이 안되지 신입 구직자 절반은  묻지마 지원 ,취업전문포털 잡코리아가 올 하반기 신입직 구직활동을 한 구직자  명을 대상으로  입사지원 유형 에 대한 설문조사 결과에 따르면  전체 응답자의 절반 정도인  가  묻지마 지원  문어발식 지원 최대한 많은 곳에 ,0,0
293,작년엔 기업  곳 중  곳에서 신입채용 올해는  곳으로 줄었다, 일 취업포털 인크루트가 최근 기업  곳을 대상으로  년 신입채용 결산조사를 했더니  올 한해 신입사원을 뽑은 기업 비율이  로  지난해 보다  포인트 줄었다  기업별로는 대기업   중견기업  ,1,1
294, 살 신입사원 어떻게 불러야할지   대 선배의 고민,고연령 신입사원의 원인은  극심한 취업난  때문으로 풀이된다   좋은 직장 에 들어가기 위해 어학연수  인턴경험 등을 쌓을 필요가 있어서다  중소기업을 대기업에 들어가기 위한 정거장으로 여기는 취준생이 ,1,1
295, 경기침체에 코로나까지 대 그룹 중  곳 상반기 신입공채 종합 ,서미영 인크루트 대표는  대기업들의 대규모 공채가 줄면서 채용 규모 감소로 이어질 것이라는 우려가 나온다 며  신입사원들의 취업시장이 더욱 바늘구멍이 될 가능성이 커졌다 고 말했다  서 대표는  코로나 여파로 ,1,0
296,경기침체에 코로나까지 대 그룹 중  곳만 상반기 신입공채,서미영 인크루트 대표는  대기업들의 공채가 줄면서 채용 규모 감소로 이어질 것이라는 우려가 나온다 며  신입사원들의 취업시장이 더욱 바늘구멍이 될 가능성이 커졌다 고 말했다  서 대표는  코로나 여파로 ,0,0
297, 건설   년 신입사원 채용, 건설이  년 신입사원 채용을 진행한다   일 건설취업플랫폼 건설워커에 따르면  이번 채용의 모집분야는 건축이며 직무는 건축시공이다  자격요건은  정규  년제 대학 석사포함  졸업 예정 자로서  년  월 ,1,0
298,올해 기업 신입사원 초봉  만원   만원 올라,취업포털 인크루트는 올해 신입사원 채용계획이 있는 기업  개사의 인사담당자를 대상으로 신입사원 예상 초임 연봉을 조사한 결과 평균  만원으로 지난해보다  만원 올랐다고  일 밝혔다 ,1,0
299, 이제 대졸 신입은  대 외환위기 때보다  세 높아져,인크루트 서미영 대표는  취업난으로 졸업을 미루는 대학생이 많아지고  구직 준비 기간이 길어지는 만큼 첫 취업 연령대가 높아지는 추세 라며  취업 후 다시 신입으로 입사하는 중고신입도 늘고 있어 나이가 ,0,1
300,한국 직업전문학교 해킹학과   학년도 신입생 모집, 학년도 신입생을 선발하고 있다  학교 관계자는  해킹이라는 특수한 분야에 관심을 가지고 목표로 삼은  물론이고 취업이나 진학에 있어서도 좋은 결과를 보인다 고 설명했다  이어  시스템 해킹  웹 해킹 등 각종 ,1,1
301,청년일자리 창출 교육모형인  조기취업형 계약학과  신입생 모집,교육부 부총리 겸 교육부 장관 유은혜 와 한국산업기술진흥원 원장 석영철 이 주관하고 있는  조기취업형   조기취업형 계약학과 선도대학 육성사업 은 청년 일자리 창출 교육모형으로  기업맞춤형 집중교육과 ,0,0
302,폴리텍대  일부터 내년도 신입생  명 모집, 기 신입생  명 전원에게는 취업과 장학금을 지원해 소수 정예 기술 인재로 키울 계획이다  경상북도  영천시 지자체와 대학에서 장학금을 지원해 학생들의 학비 부담을 덜어준다  두산로보틱스 등 로봇 분야  개 ,0,0
303,경기침체에 코로나 까지 대 그룹 중  곳만 상반기 신입공채,인크루트 측은  대기업들의 공채가 줄면서 채용 규모 감소로 이어질 거라는 우려가 나온다 며  신입사원 취업시장이 더욱 바늘구멍이 될 가능성이 커졌다 고 전망했습니다  인크루트 측은 또  코로나  여파로 ,0,0
304,상반기 신입사원  명중  명은 이공계,예년보다 줄어든 채용에도 취업에 성공한 상반기 신입사원 중 이공계열 비중이 늘어난 것으로 나타났다  취업포털 사람인은 상반기 신입 채용을 진행한  개 기업을 대상으로 한  신입사원 채용 결산 및 합격 스펙 ,0,0
305,광주은행  신입행원 입교식 가져,광주은행은 매년 신입행원 채용에 있어 전체 채용인원의   이상을 광주 전남지역 출신으로 할당 선발함으로써 지역의 취업난 해소에 이바지함에 따라 올해도 전체  명 중  명을 지역 출신으로 선발했으며 ,0,0
306, 데스크 칼럼  취업 시장의 일그러진 자화상, 국민은행의 신입 행원 취업 공고가 논란이다  비판이 일자 국민은행은 취업 공고  시간만에 채용 프로세스를 일부 변경했다  비교적 빠른 결정이었지만 여전히 취준생들의 분노는 가라앉지 않고 있다  가뜩이나 코로나 ,0,1
307,상반기 신입직 취업성공률  전년   ,잡코리아 대표 윤병준 가 알바몬과 함께 올 상반기 동안 구직활동을 했던 대졸 신입직 구직자  명을 대상으로  년 상반기 대졸 신입직 취업성공률 현황 에 대해 조사한 결과  설문에 참여한 취준생 중  ,1,1
308,금감원   일 신입직원 온라인 채용설명회   개최,     부에서는 올해 입사한 신입직원  명이 취업준비 과정  필기 면접 노하우 등 생생한 후기를 전달한다  유튜브와 페이스북을 통해 누구나 자유롭게 시청할 수 있으며  시청자들은 실시간 ,1,1
309,상반기 신입사원 합격자들 스펙은 ,예년보다 힘들었던 올 상반기 구직난을 뚫고 취업에 성공한 신입사원들의 합격 스펙은 어떨까  신입사원  명 중  명은  이공계열 이고 가 자격증을 보유하고 있는 것으로 조사됐다   일 구인구직 매칭 ,1,1
310,구직자    하반기 취업 성공 자신 없어 ,신입 구직자  는 취업 콤플렉스 있어 구직자  명 중  명 정도는 올해 안에 취업에 성공할 자신이 없는 것으로 나타났다  잡코리아가 신입직 구직자  명을 대상으로  하반기 구직자 취업 자신감 현황 에 대해 ,0,0
311,올 신입사원 대부분 한 자릿수   신입사원 채용 없어, 일 취업포털 인크루트에 따르면    신입사원 채용규모 를 주제로 조사한 결과 올해 신입사원을  명이라도 채용한 기업 비율은  다  지난해   대비   감소한 것으로 대조를 보였다  이들 기업에서 채용한 ,0,1
312,올 하반기 신입 구직자 희망 연봉은 평균  만원 ,하반기 신입 취업을 준비하는 취업준비생의 희망연봉이 평균  만원 인 것으로 집계됐다  잡코리아는 알바몬과 함께 올 하반기 신입직 취업을 준비하는  년대졸 학력의 취업준비생  명을 대상으로  희망연봉 ,1,1
313, 정말 불안해요  합격 통보 받았지만  년째 입사를 못 한 신입,대한항공 신입사원  여명이 최종 합격 통보를 받은 후  년이 지났지만 한 번도 회사에 출근을 하지 못한  대한항공 취업을 준비하던 취준생들도 암울한 현실에 절망하고 있다  실제 대한항공 취업을 준비 중인  씨 는 ,1,1
314,신입사원 입사 연령   때보다 다섯살 많아져,서미영 인크루트 대표는  취업난으로 졸업을 미루는 대학생들이 많아지고 구직 준비기간이 길어지는 만큼 첫 취업 연령대가 점차 높아지는 추세 라며  취업 후 다시 신입으로 입사하는 중고신입이 늘어나는 ,1,1
315, 세금 냠냠  대기업 신입사원도 챙긴 눈 먼 돈  근로장려금 ,이미지투데이 세종 이데일리 이진철 기자  공공기관  대기업 등 높은 수준의 연봉을 받는 직장의 신입사원  직군의 신입사원들도 받고 있는 것으로 나타났다  김 의원은 직장인 익명 커뮤니티인  블라인드 를 통해 ,0,0
316,강원교육청 내달 특성화고 신입생  천 명 모집,전문 기술인 양성 목표로 취업 전후 적극 지원 강원도교육청이 다음 달  일부터 마이스터고와 홍천농고를 제외한 특성화고  곳과 일반고 특성화과  곳 등 총  곳의 신입생  천 명을 특별 일반전형으로 구분해 모집한다 ,0,1
317,구직자    하반기 취업 못할 것 같아 ,취업포털 사람인이 신입 구직자  명을 대상으로  하반기 취업 자신감 에 대해 조사한 결과   가  취업할 자신이 없다 고 응답했다고  일 밝혔다  성별로는 여성 이 남성 보다 자신 없다고 응답한 ,1,0
318,광양하이텍고등학교   년 신입생  명 모집,전남 광양하이텍고는  일부터  일까지  년 신입생을 모집한다고  일 밝혔다  광양하이텍고는 전국에  산업체 취업경쟁력을 확보해 중견 기술인으로서의 역량을 육성한다  지원 자격은  년  월 전라남도 소재 ,0,0
319,한전   고졸자 취업 지원 맟 신입사원 채용  일자리 창출 노력,한전 사장 박성철 은  신입사원 채용 및 고졸자 취업 지원 사내 인턴십 을 추진한다고 밝혔다  한전 은 코로나 로 인해 침체된 고용시장과 경제위기 극복을 위해  일 회사 홈페이지 및 공공기관 경영정보 ,0,0
320,서희건설 아이에스동서 요진건설산업 등 신입 경력 채용,유종현 건설워커 대표는  경력직 중심의 수시채용이 증가하면서 신입 구직자의 취업이 더욱 어려워졌다 며  처음부터 대형 건설사를 고집하기보다는 현재 자신의 역량을 객관적으로 따져보고  적합한 기업을 선택해 ,1,1
321,남원여성새로일하기센터  취업자 사후도 관리,남원시 교육체육과 정남훈 과장은  따뜻한 동행 토닥토닥 멘토링사업은 신입 및 재 취업여성과 선배 취업여성들이 서로 소통하고 협력할 수 있는 기회의 장이 될 사업 이라며  이 사업 추진을 통해 고용유지를 더욱 ,0,1
322,폴리텍   일부터  년 신입생  명 모집, 기 신입생  명 전원에게는 취업과 장학금을 지원한다  경상북도와 영천시 대학에서 장학금을 지원하고 두산로보틱스 등 로봇 분야  개 기업과 학생  명을  대  로 매칭해 입학부터  인  기업 인턴제를 ,0,0
323, 저축은행   년 대졸신입 수시채용  시작,채용정보  취업 준비에 필요한 각종 정보와 팁을 제공할 예정이다  뿐만 아니라 인사담당자와의 실시간 채팅을 통해 채용에 대한 궁금점을 바로 해결할 수 있다  이번 대졸신입 수시채용은 온라인 접수만 가능하며 ,1,1
324,취업 바늘구멍 뚫은 상반기 신입사원 합격 스펙은 ,예년보다 힘들었던 올 상반기 구직난을 뚫고 취업에 성공한 신입사원들의 합격 스펙은 어떻게 될까  구인구직 매칭 플랫폼 사람인이 상반기 신입 채용을 진행한 기업  개사를 대상으로  신입사원 채용 결산 ,0,1
325, 취업  티몬  신입   공개 채용,티몬은 오는  일까지 신입   상품기획자 를 두 자릿수 규모로 채용한다고  일 밝혔다  티몬은 생활  가전  패션 등 전체 카테고리 상품을 담당할 신입  를 모집한다  티몬 채용사이트를 통해 지원할 수 있다 ,0,0
326, 취업률 보면 미래가 보인다 폴리텍  신입생 모집,아울러  기 신입생  명 전원에게는 취업과 장학금을 지원해 소수 정예 기술 인재로 키운다  경상북도  영천시 지자체와 대학에서 장학금을 지원해 학생들의 학비 부담을 덜어준다  두산로보틱스 등 로봇 분야  개 ,1,0
327,코로나 취업지옥 현실로 상반기 신입직 취업 성공률  , 일 취업 플랫폼인 잡코리아가 발표한  년 상반기 대졸 신입직 취업 성공률 현황 에 따르면  설문 참여 취준생  명 중  명 만 입사 지원 기업으로부터 최종 합격 통보를 받은 경험이 있는 것으로 ,0,0
328,인터넷 게임  하반기 청년 개발자 취업 시장 이끈다, 일 현재 신입 개발자 대상 취업설명회  오픈클래스 와 네이버 채용연계 인턴십이 시작됐다  네이버 관계자는  좋은 인재 확보 차원에서 올해에는 지난해보다 적극 신입 공채를 하려 한다 면서  개발 외에도 직군별 ,1,0
329,서울 특성화고  곳  내년 신입생  만  명 모집,한편 최근 특성화고가 취업률 하락과 신입생 미달 등으로 위기를 맞자 다양한 타개책들이 마련되고 있다  국회 교육위 소속 정청래 더불어민주당 의원이 교육부에서 받아 분석한 자료에 따르면 직업계고 취업률은 ,1,0
330,한전  취업 꿀팁  유튜브 공개, 취업 꿀팁  영상은 모두  편으로 만들어졌으며  편에서는 신입사원들의 취업 준비 과정과 필기시험  경험담은 물론 채용담당자가 말해주는 자기소개서 작성 시 중요한 점 등이 담겼다  다음 주 공개할  편에서는 ,0,0
331,신입사원 평균  세 횡설수설 서영아 ,여기에 더해 다른 곳에 취업했다가 다시 신입으로 입사하는  중고 신입 도 상당수 있다   경쟁이 치열해지고 누구나 가고 싶어 하는 직장의 문턱이 높아진 만큼 학생들은 스펙을 갖추기 위해 돈과 시간을 더 ,0,1
332,  침체된 취업시장에 활력 명 대규모 채용,   취업  신입직원  경력직원  채용  는 코로나 로 침체된 취업시장에 활력을 불어넣기 위해  급 신입직원  명   급 경력직원  명 등 총  명의 대규모 채용을 실시한다 사진 ,1,0
333, 저축은행  대졸신입 수시 채용 진행, 저축은행은 인적 자원 발굴 및 금융 전문인력 양성을 위한  년 대졸신입 수시채용  전형을  기업정보  채용정보  취업 준비에 필요한 각종 정보와 팁을 제공할 예정이다  인사담당자와의 실시간 채팅을 통해 ,0,1
334,신입사원 입사 연령  때보다  세 많아졌다, 한편으로는 취업 후 다시 신입으로 입사하는 중고신입이 늘어나는 만큼 신입사원으로서 준비된 자세를 보여준다면 나이가 입사를 가로막지는 않을 것 이라고 조사 소감을 전했다   공감언론 뉴시스,0,1
335,충북도립대  수시  차 신입생 모집 월  일까지,충북도립대학교 총장 공병영 는  일부터  월  일까지  학년도 신입생 수시  차 모집을 한다  총  개  이 대학은 공직진출반을 운영하고  일자리지원센터를 통해 학생을 위한 다양한 취업지원 서비스를 ,0,0
336, 건설   년 신입사원 채용, 건설이  년 신입사원 채용을 진행한다   일 건설취업플랫폼 건설워커에 따르면  이번 채용의 모집분야는 건축이며 직무는 건축시공이다  자격요건은  정규  년제 대학 석사포함  졸업 예정 자로서  년  월 ,1,0
337,한전 취업  꿀팁  유튜브서 본다,취업 꿀팁 영상  편에는 신입사원 취업 준비 과정과 필기시험  경험담  채용담당자가 말해주는 자기소개서 작성 시 중요한 점 등이 담겼다   편에서는 신입사원 면접 후기와 실제 맡은 업무  회사 분위기 등을 소개할 ,1,1
338,홈플러스   년 만에 초대졸 신입사원 공채,홈플러스가 신입사원 공개 채용을 한다  오는  일부터 슈퍼마켓 브랜드  홈플러스 익스프레스 에서 근무할  극심한 취업난을 겪는 초대졸 취업준비생 일자리를 마련하기 위해 공채를 하게 됐다 고 했다  홈플러스는 ,1,0
339, 저축은행  대졸 신입 수시채용 전공 무관 , 저축은행이 대졸 신입사원 수시채용에 나선다   일  저축은행에 따르면 이번 채용 모집분야는  기업정보  채용정보  취업 준비에 필요한 각종 정보와 팁을 제공할 예정이다  온라인 지원서 접수는 오는 ,0,1
340,올해 대기업 신입 초봉  만원 중소기업과 차이 더 벌어져,취업포털 인크루트는 올해 신입사원 채용계획이 있는 기업  개사의 인사담당자를 대상으로 신입사원 예상 초임 연봉을 조사한 결과 평균  만원으로 지난해보다  만원 올랐다고  일 밝혔다  기업규모별로는 ,1,0
341,상반기  취업 바늘구멍  뚫은 신입사원들 스펙은 ,예년보다 줄어든 채용에도 취업에 성공한 상반기 신입사원의 스펙은 어떨까  취업포털 사람인은 상반기 신입 채용을 진행한  개 기업을 대상으로 한  신입사원 채용 결산 및 합격 스펙  조사 결과를 오늘 일 ,0,0
342,개인 맞춤 취업컨설팅 통해 호텔경영학과  특급호텔 호텔리어 인재 양성 ,청년층뿐만 아니라 대학을 진학하는 예비신입생들의 경우 대학의 간판을 보고 진학을 선택하는 것이 아닌 취업가능성을 보고 학교 선택하는 학생이 늘어나고 있다  특히 현장에 필요한 실무능력을 쌓으며 취업컨설팅이 ,1,1
343,코로나 여파 신입 구직자 연봉 눈높이 낮췄다,잡코리아가 이달  일 신입직 취업을 준비하는 구직자  천 명을 대상으로 조사한 구직자의 희망연봉은  천 만원이었다  이는 지난해  월 조사 때 나온  천 만원에 비해   낮은 수준이다  조사결과  년대졸 ,0,0
344,신입생 충원 바로미터 취업률 대학들 학생 취업 지원  안간힘 ,이는 청년실업 문제가 심각한 상황에서 높은 취업률은 신입생 모집 때 상당한 메리트가 되는데다 이른바  부실대학 재정지원 제한대학 을 선정하는 대학 평가 때 취업률이 중요한 지표가 되기 때문이다  대학 한 ,0,0
345,올해 기업  곳 중  곳만 신입 뽑아 전년   ,코로나 로 인한 경기 침체가 기업들의 신입채용 축소로 이어진 것으로 드러났다  취업포털 인크루트 대표 서미영 가 비대면 알바채용 바로면접 알바콜과 공동으로 기업  곳 대상으로 조사한 결과  올 한해 ,1,1
346,전문대 수시 차 모집  취업 잘 되는 호텔외식조리학과  주목 , 의 취업률을 기록하였다 라고 전했다  현재 서울현대직업전문학교는 호텔외식조리학과 과정  호텔제과제빵학과 과정  유아교육과 과정  드론학과 과정  경찰행정학과 과정 등 전 과정에서  학년도 신입생을 ,1,1
347,채용쇼크 현실화 올해 신입채용 비율  전년    감소 ,코로나  여파로 인한 경기 침체가 기업들의 신입채용 축소로 이어진 것으로 드러났다  취업포털 인크루트는 비대면 알바채용 바로면접 알바콜과 공동으로기업  곳 대상  년 신입채용 결산조사 를 ,1,1
348,광주은행 신입행원 입교식,광주은행 은행장 송종욱 이  일  본점에서  년 하반기에 채용한 신입행원들의 연수에 앞서 입교식을  선발하고  고등학교 졸업 예정  이상자를 대상으로 초급행원을 모집해 지역 인재의 취업 기회를 확대했다 ,0,0
349, 학년도 신입생 수시모집 앞두고 호텔학교 호텔경영학과 모집 문의 증가,이에 따라 예비신입생 및 학부모들은 취업에 대한 불안을 느끼게 되어 대학의 타이틀을 따지는 것이 아닌 기업에서 원하는 인재로 성장할 수 있도록 현장실무교육을 받을 수 있으며 공평하고 균등한 입시 제도로 ,1,1
350,상반기 취업성공률  도 안돼 대기업 공기업은  명 중  명,잡코리아와 알바몬은 올 상반기 동안 구직활동을 했던 대졸 신입직 구직자  명을 대상으로  년 상반기 대졸 신입직 취업성공률 현황 에 대해 조사한 결과  만이 합격통보를 받았던 경험이 있는 ,0,0
351, 코로나 취중생  신입 구직자   구직 포기 구직자  명 중  명  추석에도 구직활동 ,한편  취업 플랫폼 잡코리아는 신입 구직자  명을 대상으로 조사한 결과  신입 구직자  는 하반기 구직을 포기한 것으로 나타났다고 전했다  이들이 올 하반기 구직을 포기한 가장 큰 이유는 코로나 ,0,0
352,직장인    이직 위해 경력 포기하고 신입사원 지원 ,못하고 신입사원으로 취업해도 괜찮다는 직장인들이 상당수에 이르는 것으로 보인다 고 말했다  실제 국내기업  곳 중  곳은  신입직 채용 시 올드루키 지원자가 있었다 고 답했다  지난해 잡코리아 조사 결과 ,0,0
353,하반기 채용시장  먹구름 대졸 신입 채용 계획 인원 모두 감소,대졸 신입 취업 시장의 문이 좁아지고 있는 셈이다  특히 채용 계획이 있는 기업도 지난해보다 채용규모를 줄이고 있어 취업난은 당분간 계속될 것으로 예상된다  채용계획이 있다고 밝힌 회사 중 지난해 보다 채용 ,1,1
354,경복대   학년도 수시  차 신입생 모집 원서접수,한편 경복대는 교육부 발표  년  년 연속 수도권대학 졸업생  명 이상  중 취업률  위를 달성했으며    교육부 대학기본역량진단평가에서  자율개선대학 에 선정되어 교육역량이 매우 우수한 ,1,0
355,서울 특성화고  곳   학년도 신입생  만 명 선발,서울시교육청은  학년도 특성화고등학교 신입생 선발전형을 오는  일부터 선발한다고  일 밝혔다  취업과 창업 의지가 명확하고 성장 가능성이 있는 학생을 선발한다는 게 교육청 설명이다  학교별특별전형은 ,1,0
356,  등 대기업 신입채용  추석 전 마감 ,마감하며  신입공채를 진행하는  그룹은 오는  일 서류접수를 마감하는 등 다수의 대기업이 추석 전 서류접수 마감을 앞두고 있다  취업성공 플랫폼 잡코리아가 추석 전 서류접수를 마감하는 대기업 채용공고를 ,1,0
357, 대졸 신입 인데  살 중고 신입도 늘었다 ,인크루트 서미영 대표는  취업난으로 졸업을 미루는 대학생이 많아지고  구직 준비 기간이 길어지는 만큼 첫 취업 연령대가 높아지는 추세 라며  취업 후 다시 신입으로 입사하는 중고신입도 늘고 있어 나이가 ,0,1
358, 신입사원  평균 연령 살펴보니   년  세 년  세,점차 높아지는 추세다 라면서  한편으로는 취업 후 다시 신입으로 입사하는 중고신입이 늘어나는 만큼 신입사원으로서 준비된 자세를 보여준다면 나이가 입사를 가로막지는 않을 것 이라고 조사 소감을 전했다 ,0,1
359,현대모비스  온라인 설명회 열고 하반기 신입 채용,하반기 신입 채용에 나선다고  일 밝혔다  회사는 이번 온라인 채용설명회에 채팅 기반의 실시간 질의응답   일 진행되는 현대모비스 온라인 채용설명회는 취업 전문 사이트인  잡플렉스 에서 누구나 참여 ,1,1
360,상반기 취업한 신입사원  명 중  명은  이공계열 ,상반기 취업에 성공한 신입사원  명 중  명은  이공계열 인 것으로 나타났다  취업포털 사람인이 상반기 신입사원 채용을 한 기업  개사를 대상으로  신입사원 채용 결산 및 합격 스펙 에 대해 ,1,1
361,롯데  디지털전환 부문 신입사원 채용,롯데그룹이  디지털 전환      부문 신입사원을 뽑는다  롯데그룹은  일 롯데정보통신  롯데는 이번 채용과 관련해 인사 직무 담당자들이 취업 희망자들을 상담해주는  잡카페 를  월 중 ,1,1
362,조기취업형 계약학과  학사급 실무형 우수인재 조기 확보 가능 중소중견기업 인력난 잡는다,매해를 거듭하며 심각한 상황을 이어가고 있는 중소중견기업의 인력난에 해결책이 될 수 있는  조기취업형  또한  선발  년 후인  학년부터는 기업에서 업무를 시작하기에 학생 졸업까지 기다릴 필요가 없어 신입사원 ,1,1
363,홈플러스   년 만에 신입사원 공개 채용,극심한 취업난을 겪고 있는 초대졸  취준생 들의 일자리를 마련하기 위해 이 같은 신입사원 공개채용을 진행하게 됐다  코로나  등으로 신규채용 자체가 불투명한 유통업계의 사업환경 속에서도 성장하는 사업에는 ,0,0
364, 건설   년 신입사원 채용,서류접수 내달  일까지  건설이  년 신입사원 채용을 진행한다   일 건설취업플랫폼 건설워커  대표 유종현 에 따르면  이번 채용의 모집분야는 건축이며 직무는 건축시공이다  자격요건은  정규 ,1,0
365, 년 평균 취업률  ,높은 취업률을 기록하며 전국 직업교육 명문대학으로 자리매김하고 있다  더불어 한 학기 등록금은  학년도 신입생 기준 학기당  만원 내외로 사립전문대의  분의  수준의 등록금을 책정하고 있다   인당 ,0,0
366,광주은행  신입행원 입교식,광주은행은 매년 신입행원 채용에 있어 전체 채용인원의   이상을 광주 전남지역 출신으로 할당 선발함으로써 지역의 취업난 해소에 이바지해왔다  올해도 전체  명 중  명을 지역 출신으로 선발했으며  고등학교 ,0,0
367,신입사원 나이   때보다  살 많아졌다,서미영 인크루트 대표는  취업난으로 졸업을 미루는 대학생이 많아지고  구직 준비 기간이 길어지는 만큼 첫 취업 연령대가 높아지는 추세 라며  취업 후 다시 신입으로 입사하는 중고신입도 늘고 있어 ,1,1
368,취준생이 가장 취업하고 싶은 기업  위 삼성   위는 ,내년 신입 취업을 준비하는 취업준비생들이 가장 취업하고 싶은 기업으로 삼성을 꼽은 것으로 나타났다  취업포털 잡코리아가 내년 신입직 취업을 준비하는  년 대졸 졸업예정자 포함  학력의 취업준비생  명을 ,1,0
369,한전  상반기 대졸 고졸 신입 총  명 채용,한전 은  년 상반기 신입사원 채용 및 고졸자 취업 지원 사내 인턴십을 진행한다고  일 밝혔다  한전 은 이날 채용 공고를 내고  올 상반기 신입사원  명 대졸  명  고졸  명 을 채용한다  당초 채용계획보다 ,0,0
370,대졸 신입 연령대  대로 외환위기 때보다  세 가량 높아져,대학을 졸업하고 첫 취업을 하는 신입사원들의 연령대가 외환위기 때보다  세 가량 높아져  세를 넘어섰다는 조사 결과가 나왔다  취업 포털 인크루트가  일 발표한 자료에 따르면   년 대졸 신입사원의 평균 ,0,0
371,하반기 신입 일자리   줄었다  고용쇼크  현실화 , 일 취업포털 인크루트가  개 상장사를 대상으로  년 하반기 대졸 신입사원 채용계획을 조사한 결과다  인크루트는 지난  년부터 하반기 채용 시즌을 목전에 두고 상장사 인사담당자들을 대상으로 매해 ,1,0
372, 취업준비에 나이만  신입사원 연령대 상승,취업 시장이 갈수록 얼어 붙으면서 기업들의 신입사원 연령도 높아지는 것으로 나타났다  구인구직 매칭 플랫폼 사람인이 기업  개사를 대상으로  신입사원 연령 변화 를 조사한 결과   곳 중  곳 이 ,0,0
373,취업 봄날을 꿈꾸며 겨울에 신입 뽑는 대기업 어디 ,취업포털 인크루트가  월 현재 신입사원 모집기업을 분석했다   화학의 모집분야는 각각  전지사업본부   배터리연구소 첨단소재사업부이다  지원서 마감일은 각각 이달  일 전지사업본부  및  일 ,1,1
374,직장인    경력 포기하고 신입 지원 경험 있어 ,못하고 신입사원으로 취업해도 괜찮다는 직장인들이 상당수에 이르는 것으로 보인다 고 풀이했다  실제 국내기업  곳 중  곳은  신입직 채용 시 올드루키 지원자가 있었다 고 답했다  지난해 잡코리아 조사 결과 ,0,0
375,국민대 대학일자리센터  단과대학 취업 행사 지원,설명회는 경상대학 담당 컨설턴트의 주관 하에 진행됐으며  신입생들에게 취업 준비의 첫걸음은 진로 탐색이라는 중요성을 상기시켰다  설명회는 경력개발지원단의 학과 전공 별 진로 로드맵을 활용해 전공 진출분야에 ,0,0
376,항공사 신입사원  입사취소 우려에  발동동 년째 대기중,예비 신입사원들의 입사 시기도 계속 미뤄지고 있다  특히 매출 대부분을 차지하고 있는 여객수요가 지난해  않아 취업이 급한 시기였고 대기하는  년 사이 주변 많은 것들이 바뀌었다  결국 다른 쪽으로 이직을 하게 ,0,1
377,  세 자릿수 채용 사라졌다 신입사원 증발  현실화 ,취업포털 인크루트 대표 서미영 가   신입사원 채용규모 를 주제로 조사한 결과다  기업  곳이 참여했다  이에 따르면 먼저 올해 신입사원을  명이라도 채용한 기업 비율은  로 지난해   대비  ,0,1
378,서울교육청   특성화고 신입생 선발   일 부터 ,서울교육청은   특성화고등학교 신입생 선발전형을  일부터 시작한다고  일 전했다   에는 서울 관내  특성화고 특별전형 중 미래인재전형은 출결  봉사활동  학업계획서 및 자기소개서 등을 반영하며 취업과 ,0,0
379,대기업  곳 중  곳만 신입 채용 하반기 취업시장  적신호 ,반면 또 다른 취업포털인 인크루트가 조사한 하반기 대졸 신입 채용 동향은 잡코리아와 큰 차이를 보였다  같은 날 인크루트 대표 서미영 가 발표한 국내  개 상장사를 대상  하반기 대졸 신입사원 채용 방식 조사 ,1,0
380,상반기 신입 취업성공률  작년보다   감소, 일 취업포털 잡코리아가 대졸 신입직 구직자  명을 대상으로 조사한  년 상반기 대졸 신입직 취업성공률 현황 에 따르면  응답자의  가 합격통보를 받은 경험이 있는 것으로 나타났다  이는 지난해 ,0,0
381, 침체된 취업시장 활력    신입 경력  명 채용,한국토지주택공사 가 코로나 로 침체된 취업시장에 활력을 불어넣기 위해 신입 경력직원을 채용한다  채용규모는  급 신입직원  명과  급 경력직원  명 등 총  명이다  채용분야별로 신입직원  급 사무직은 ,0,0
382,금융권 이달 신입채용 정보  하나은행 카카오뱅크 한국투자증권 등,은행권은 영업소 축소 여파로 전체 채용규모는 줄었지만 디지털 전환을 위한 해당직무 채용에는 적극적인 모습이며  핀테크 및 증권사 역시 코로나  이후 비대면 거래량 증가로 신입 충원에 나섰다  취업포털 ,1,1
383, 취업에 성공하려면 연간  만원 사교육비 필요해 , 일 구인구직 매칭 플랫폼 사람인에 따르면 최근 신입 구직자  명을 대상으로 취업 사교육에 대해 알아본 결과  가 필요하다고 답했다  특히 전체 응답자의  명 중  명 은 취업 사교육과 최종 합격 간에 ,1,0
384, 취업  예보  올해 신입직원  명 공채 내달  일까지 서류접수,예금보험공사는 올해  명의 신입직원을 채용한다고  일 밝혔다  지난해 명 보다 명 줄어든 규모다  채용분야는 금융일반 명 과 금융통계 명  회수조사 명   명  등이다  입사지원은 예보 홈페이지를 통해 ,0,0
385, 년 신입사원 평균 나이  세 년은 ,서미영 인크루트 대표는  취업난으로 졸업을 미루는 대학생들이 많아지고  구직 준비기간이 길어지는 만큼 첫 취업 연령대가 점차 높아지는 추세다 라며  취업 후 다시 신입으로 입사하는 중고신입이 ,1,1
386,조기취업형 계약학과  학년도 신입생  일 모집 시작,교육부 부총리 겸 교육부장관 유은혜 와 한국산업기술진흥원 원장 석영철 이 주관하는  조기취업형 계약학과 선도대학 육성사업 이  학년도 신입생 모집을 금일부터 시작한다  모집 대학은 가천대학교  경일대학교 ,0,0
387,서울시교육청  내년도 특성화고 신입생  만 명 선발,서울시교육청이  학년도 특성화고등학교 신입생 선발전형을 오는  일부터 시작한다   학년도에는 서울  특성화고 특별전형 중 미래인재전형은 출결  봉사활동  학업계획서 및 자기소개서 등을 반영하며 취업과 ,0,0
388,유팡 유재석  신입 마음 배달꾼 김종민 데프콘 영입  놀면 뭐하니 ,신입  마음 배달꾼 으로  김종벨 김종민 과  대북곤 데프콘 이 합류해 더 많은 의뢰인들이 마음을   유팡 유재석 은 본격적인  마음 배달꾼 의 업무 시작에 앞서 임금 협상을 시도했는데  취업의 문턱을 ,0,1
389, 올해 기업 신입사원 초봉  천 만 원 만 원 올라 ,취업포털 인크루트는 올해 신입사원 채용계획이 있는 기업  개사의 인사담당자를 대상으로 신입사원 예상 초임 연봉을 조사한 결과 평균  천 만 원으로 지난해보다  만 원 올랐다고 밝혔습니다 ,0,0
390,올해부터   특성화고 신입생 모집 일부터 원서모집 실시,특히 서울 소재 특성화고 중  교는 전국 단위로 신입생을 모집한다  이 중 경기기계공고  서울관광고  졸업생들의 선취업후진학을 지원하는 정책도 확대 중이다  전국적으로  여개 대학에서 특성화고졸 재직자 ,0,1
391,금감원  소셜라이브  서 신입직원 온라인 채용설명회, 부에선 올해 입사한 신입직원  명이 취업준비 과정  필기시험 면접 노하우 등 생생한 후기를 전달한다  설명회는 시공간의 제약 없이 누구나 자유롭게 시청할 수 있다  시청자들은 실시간 채팅으로 방송에 참여해 ,1,1
392, 올해 기업 대졸 신입사원 초임연봉  만원 ,취업포털 인크루트는 올해 신입사원 채용계획이 있는 기업  개사의 인사담당자를 대상으로 신입사원 예상 초임 연봉을 조사한 결과 평균  천 만원으로 지난해보다  만원 올랐다고  일 밝혔다 ,1,0
393,게임빌 컴투스  하반기 신입 공채 실시,게임빌 컴투스 대표 송병준 가 미래 게임 산업을 이끌어갈 인재 발굴을 위한  년 하반기 신입사원  게임빌 컴투스는 관계자는  이번 공채뿐 아니라 지속적인 수시 채용으로 게임 업계 취업을 희망하는 청년층에게 ,1,1
394,하나카드  현대카드 등 금융 대기업 신입 및 인턴 채용 곧 마감,최근 카드  은행  증권 등 금융권 대기업들의 신입사원 및 인턴십 채용이 속속 등장하고 있다  취업플랫폼 잡코리아에 따르면  현재 하나카드  하나캐피탈과  기업은행  교보증권에서 신입사원 채용을 진행하고 있다 ,1,1
395, 올해 기업 신입사원 초봉  천 만원 만원 올라 ,취업포털 인크루트는 올해 신입사원 채용계획이 있는 기업  개사의 인사담당자를 대상으로 신입사원 예상 초임 연봉을 조사한 결과 평균  천 만원으로 지난해보다  만원 올랐다고  일 밝혔다 ,1,0
396,한국전력  취준생 위한  취업 꿀팁  유튜브 공개, 취업 꿀팁  영상은 모두  편으로 만들어졌으며  편에서는 신입사원들의 취업 준비 과정과 필기시험  경험담은 물론 채용담당자가 말해주는 자기소개서 작성 시 중요한 점 등이 담겼다  다음 주 공개할  편에서는 ,0,0
397,경복대   학년도 수시  차 신입생모집 원서접수,한편 경복대학교는  년부터  년까지  년 연속 수도권대학 졸업생  천명 이상  중 취업률  위를 달성했으며    교육부 대학기본역량진단평가에서  자율개선대학 에 선정되어 교육역량이 매우 우수한 ,1,1
398,한전  신입사원 채용 고졸자 취업 지원 추진,   아시아타임즈 정상명 기자 한전 사장 박성철 은 신입사원 채용 및 고졸자 취업 지원 사내 인턴십을 추진한다고  일 밝혔다  한전 은 코로나 로 인해 침체된 고용시장과 경제위기 극복을 위해  일 회사 ,0,0
399,상반기 신입직 취업성공률   전년비   감소, 일 잡코리아  대표 윤병준 가 알바몬과 함께 올 상반기 동안 구직활동했던 대졸 신입직 구직자  명을 대상으로  년 상반기 대졸 신입직 취업성공률 현황 에 대해 조사한 결과를 공개했다 ,0,0
400,창업으로 눈돌리는  고용위기가 바꾼 취업,   사업분야 및 아이템  등순이다  잡코리아는  신입 취업을 준비하는   밀레니얼 구직자들에게 스타트업의 자유로운 근무분위기와 워라벨 보장 등 조건이 장점으로 다가온 것으로 보인다 고 분석했다 ,0,1
401,해고된 항공사 신입 조종사들 비행기 대신  대리운전 , 씨 이스타항공 신입 조종사    취업 준비를  저는  년부터 시작했거든요  자격증 딴다고  근데 갑자기 계약 해지하고 나가라고 해서  현직 조종사라고 사정이 나은 건 아닙니다   월부터 넉 달째 월급이 끊겼습니다 ,0,0
402, 스타트업 인사이더  행정학 전공생이   스타트업에 취업한 비결 조주은 커먼컴퓨터 마케터,스타트업에 신입으로 입사하려면 인턴 기간 거쳐야 조 마케터는 스타트업에선 바로 신입사원으로 취업하기 힘들다고 말했다  보통은  개월에서  개월 정도 채용전환형 인턴을 거쳐 입사한다  그 역시 이 같은 절차를 ,1,1
403, 건설 서한 화성산업 등 건설사 신입 경력채용 소식, 일 건설취업플랫폼 건설워커에 따르면  건설  서한  화성산업  동인종합건설 등이 신입 및 경력사원 채용을 진행한다     건설이 신입사원을 모집한다  모집분야는 건축 시공 이며 자격요건은  정규  년제 대학 ,0,0
404,기업마다 수시채용 증가  신입 구직자  공채보다 수시 채용이 유리 ,취업포털 사람인이 신입 구직자  명 대상으로  수시 채용과 공개 채용 중 유리한 채용 을 조사한 결과  가  수시 채용이 유리할 것 이라고 응답했다고  일 밝혔다  중소기업  외국계기업 ,1,0
405, 올해 대졸 신입 뽑았다   지난해보다  나 줄어,취업포털 인크루트는 기업  곳을 대상으로  년 대졸신입 직원을 한 명이라도 채용했느냐 고 물은 결과  그렇다 고 답한 비율이  로 집계됐다고  일 발표했다  인크루트가 올해  월  년 대졸신입 ,1,0
406,취업률로 승부거는 폴리텍대   명 신입생 모집한다,폴리텍대 서울강서캠퍼스 데이터분석과  지난해 이어 올해 취업률   달성 이경태 기자   만성적인 청년 취업난과 함께 코로나  여파 속에서 폴리텍대학이 높은 취업률을 앞세워 신입생 모집에 ,0,1
407,대졸 신입 나이는  대 년 새  세 높아져,취업포털 인크루트는 대졸 신입사원 입사 연령을 분석한 결과  년 외환위기 때보다  세 높아진 것으로 나타났다고  일 밝혔다  인크루트가  년 조사한 대졸 신입사원의 평균 나이는  세였고  금융위기 ,1,0
408, 저축은행   년 대졸신입 수시채용  실시,채용정보  취업 준비에 필요한 각종 정보와 팁을 제공할 예정이다  뿐만 아니라 인사담당자와의 실시간 채팅을 통해 채용에 대한 궁금점을 바로 해결할 수 있다  이번 대졸신입 수시채용은 온라인 접수만 가능하며 ,1,1
409,금융권 신입채용  차 포문  하나은행 카카오뱅크 한국투자증권,은행권은 영업소 축소 여파로 전체 채용규모는 줄었지만 디지털 전환을 위한 해당직무 채용에는 적극적인 모습이며  핀테크 및 증권사 역시 코로나  이후 비대면 거래량 증가로 신입 충원에 나섰다   일 취업포털 ,1,0
410,국내 유일 원자력  신입생 사상 첫 미달,내년도 신입생 모집에서 정원을 채우지 못한 것으로 확인됐다  경북 울진에 있는 이 학교는 지난  년  이상 취업했다  송 교장은  올해는 이달 현재 내년 졸업 예정자의   정도가 취업을 확정해 지난해  에 ,0,0
411,홈플러스   년만에 신입사원 뽑는다,극심한 취업난을 겪고 있는 초대졸  취준생 들의 일자리를 마련하기 위해 이 같은 신입사원 공개채용을 진행하게 됐다  이는 코로나  등으로 신규채용 자체가 불투명한 유통업계의 사업환경 속에서도 성장하는 ,1,0
412,강원도교육청  특성화고 신입생  명 모집,강원도교육청이 다음 달  월   일부터 특성화고 신입생  천  명을 특별전형과 일반 전형으로 구분해  강원도교육청은 직업계고의 전문 기술인 양성을 위해 직업계고 지원 취업 활성화 방안을 마련해 적극 지원할 ,0,0
413,직장인    똑똑한  신입보다  눈치빠른  신입사원 선호,직장인들이 함께 일하고 싶은 신입사원으로 직무역량이 높은  똑똑한  신입 보다  눈치가 빠른 업무 센스가 있는  신입사원을 꼽았다  취업 플랫폼 잡코리아가 직장인  명을 대상으로  함께 일하고 싶은 신입사원 ,1,1
414,좋은 대학이란   취업률 아니라 혁신 ,학생들의 취업률은 몇 퍼센트인지가 중요합니다  원래 큰 대학 원래 잘 하는 대학들이 유리한  신입생의 퍼센트 거의 절반 가까이가 해외로 나갑니다  그래서 이 대학이 받은 상이 올해의 국제 전략상 ,1,1
415,용산구  일반경비원 신임 교육 취업과정 운영,용산구 구청장 성장현 가  년 구 일자리기금 민관협력 지원사업 일환으로 일반 경비원 신입교육  취업과정 참여자를 모집한다  청년  중장년층과 경력단절 여성 구직자의 취업난 해소를 위해서다  먼저 이달  일까지 ,1,1
416,취업 명문 선린대학교   학년도 수시  차 모집,김복랑 교무 입학처장은  지금까지 꿈을 향해 열심히 달려온 예비 신입생들을 응원하며 취업명문 선린대학교에서 열정을 갖고 자신의 가치를 높여 취업의 꿈을 이루길 바란다 고 말했다   공감언론 뉴시스,1,1
417,내년 신입생 정원   못채워 지방대학들  눈앞이 캄캄 ,지방 소재 일부 사립대는 일단 학생비자를 얻어 입국한 외국인 유학생이 불법 취업하는 통로가 됐다는 건  대학알리미에 따르면 신경대 신입생 충원율 년  월 기준  정원 내 은  로 다른 재정 지원 제한 대학 등을 ,0,0
418,기업  곳 중  곳  신입사원 연령 높아져 ,취업 시장이 갈수록 얼어 붙으면서 기업들의 신입사원 연령도 높아지는 것으로 나타났다  구인구직 매칭 플랫폼 사람인 대표 김용환 이 기업  개사를 대상으로  신입사원 연령 변화 를 조사한 결과   곳 중  곳 ,1,0
419,상반기 신입 취업성공률   그쳐  젼년 대비   하락,취업포털 잡코리아가 올 상반기 동안 구직활동을 했던 대졸 신입직 구직자  명을 대상으로  년 상반기 대졸 신입직 취업성공률 현황 에 대해 조사한 결과  설문에 참여한 취준생 중  만 최종 입사 합격 ,0,0
420,강원교육청  특성화고 신입생  명 모집,강원도교육청은 다음 달  월   일부터 특성화고 신입생  천  명을 특별전형과 일반전형으로 구분해  강원도교육청은 직업계고의 전문 기술인 양성을 위해 직업계고 지원 취업 활성화 방안을 마련해 적극 지원할 ,0,0
421, 학과 학과 수험생 인기는 건국대 정외과 취업률은 동국대 정외과,대학 간 비교 시에는 졸업 후 취업률  중도탈락률  신입생 충원율 등 정량 지표를 주로 활용  객관성을 유지할 계획이다  수험생에게 어느 한 쪽으로 치우치지 않는 정보를 제공해 대학 선택에 도움을 주기 ,0,0
422,신입구직자 취업선호도  위  삼성   위  공기업 ,내년  년 신입 취업을 준비하는 취업준비생이  가장 취업하고 싶은 기업 으로  삼성 을 꼽았다  이어  공기업 공공기관 에 취업하고 싶다는 취준생이 다음으로 많았다  취업포털 잡코리아가  년 신입직 ,0,1
423,신입 구직자 상반기 취업목표 대기업 위 카카오 위 삼성전자,신입직 취업을 준비하는 취업준비생  명 중  명이 상반기 대기업 신입직 채용에 지원할 것이라 답했다  이들은 입사지원 할 대기업으로  카카오 를  위로 꼽았다  이어  삼성전자   제일제당   ,0,0
424, 화학 신입사원 카카오 동계인턴 등 모집,취업포털 인크루트는  월 현재 신입사원 모집기업 채용소식을  일 전했다   화학은 신입사원 수시채용을 실시한다  모집분야는 각각  전지사업본부   배터리연구소  첨단소재사업부이다    지원자는 해당직무 ,1,1
425,구직자  명 중  명  취업위해서 사교육 필요 ,구인구직 매칭 플랫폼 사람인이 신입 구직자  명을 대상으로  취업 사교육에 대한 생각 을 조사한 결과   가  필요하다 고 답했다  이렇듯 취업 사교육이 필요하다고 생각하는 구직자가 많은 것은 취업 사교육이 ,0,0
426,영진전문대   유플러스 신입사원 대거 취업, 유플러스 신입사원으로 채용됐다  영진전문대는  일 경영회계서비스계열이 최근 발표된  유플러스  채용 면접일 하루 전인 지난달  일  유플러스에 취업한  년 차 선배가 면접 요령을 비롯해 복지혜택 ,1,0
427,한국 직업전문학교 소프트웨어공학과   학년도 신입생모집,이에 본교는 전 계열의 교육시스템을 계속적으로 연구개발하고  졸업인증제  책임교수제  취업지원센터  전공과정을 운영 중에 있으며 내신이나 수능 성적은 반영하지 않는 면접전형으로 신입생을 선발하고 있다 ,1,0
428, 정말 노답 취업카페 들끓게 한  국민은행 채용 공고, 국민은행은 진행중인  년 하반기 신입 행원 채용 절차를 놓고 취업 카페에서 논란이 뜨겁다  통과할지도 불확실한 서류 면접을 치르면서 지원들에게 지나치게 과도한 요구를 한다는 지적들이 많다  카페에서는 ,0,0
429,쿠팡서 개발자로 일하실 분 오세요 신입 개발자 채용   일까지 지원서 접수,영상에는 로켓배송 개발총괄을 맡고 있는 전준희 부사장을 포함해 쿠팡에서 근무하고 있는 개발자들이 여러명 등장해 취업준비와 면접 노하우  쿠팡의 개발문화  복지혜택 등 신입 개발자들이 궁금해하는 정보들을 ,0,0
430,빅  신입 더 줄이나 취업 못하는 회계사 속출할 듯,회계업계의 신입 회계사 채용 시즌이 한창인 가운데 빅  회계법인이 당초 계획보다 신입 충원을 줄일 분위기를 보이고 있다  빅  채용 인력 감소에 따라 올해 공인회계사 합격자 중 미지정 회계사가 발생할 것으로 ,0,0
431, 이제 대졸 신입은  대 외환위기 때보다  세 높아져,인크루트 서미영 대표는  취업난으로 졸업을 미루는 대학생이 많아지고  구직 준비 기간이 길어지는 만큼 첫 취업 연령대가 높아지는 추세 라며  취업 후 다시 신입으로 입사하는 중고신입도 늘고 있어 나이가 ,0,1
432,창성그룹  신입 경력사원 공채  일까지 채용규모는 두자릿수,불구하고 신입 경력사원 공채에 나선다  이번 공채뿐만 아니라  년 상반기에도 수시 채용을 기획하고 있다 며  모두가 행복한 일상을 되찾을 수 있기를 희망하면서 이번 공채가 많은 취업준비생들에게 조금이나마 ,0,1
433, 저축은행  대졸신입 수시채용 일까지 접수, 저축은행 대표 정진문  임진구 은 인적 자원 발굴과 금융 전문인력 양성을 위한  년 대졸신입 수시채용  기업정보  채용정보  취업 준비에 필요한 각종 정보와 팁을 제공할 예정이다  인사담당자와의 실시간 ,0,1
434,동국대학교 전산원   학년도  월 직장인 야간대학교 개념 주말학사과정 신입생 모집,주말학사과정 신입생을 모집한다  주말학사과정은 고등학교 졸업 예정 이상 학력 소지자로 야간대학교  현재 동국대 전산원은 성공적인 취업사례와 학사편입 및 대학원 합격자 명단을 홈페이지에 공개하고 있으며 ,1,1
435, 학과 학과 경쟁률은 외대 영미문학  취업률 이대 영문 우위,대학 간 비교 시에는 졸업 후 취업률  중도탈락률  신입생 충원율 등 정량 지표를 주로 활용  객관성을 유지할 계획이다  수험생에게 어느 한 쪽으로 치우치지 않는 정보를 제공해 대학 선택에 도움을 주기 위해서다 ,0,0
436,신입 취업   인터넷  업계  마케팅  직무 가장 인기,올해 신입 취업을 준비하는 취업준비생 중에는  인터넷  업계   마케팅  직무의 취업을 준비하는 취준생이 가장 많은 것으로 나타났다  취업포털 잡코리아와 알바몬이 함께 올해 신입 취업을 준비하는 ,1,1
437, 하반기 상장사 신입채용 한 자릿수 ,하반기 상장사  곳 중  곳 이상은 한 자릿수 신입채용에 그칠 것으로 조사됐다  취업포털 인크루트가 최근  곳의 상장사를 대상으로  년 하반기 대졸 신입사원 채용규모를 전망한 결과 이같이 나타났다고  일 ,0,1
438,한국관광대  동계방학   파티 실시  핵심역량 취업역량 강화,한국관광대는 동계방학을 앞둔 재학생 신입생 포함 과 졸업예정자를 대상으로 이달  일부터  년  월  일까지 핵심역량과 취업역량 강화를 위해   파티를 실시한다고  일 밝혔다  이번   파티는 ,1,0
439,  신입 취업목표  공기업   위  희망연봉  만원,이어 외국계 기업은 평균  만원  공기업은 평균  만원  중견기업은 평균  만원  중소기업은 평균  만원인 것으로 집계됐다    신입  취업목표  위  콘텐츠부,1,0
440,서울 덕수고  동문기업 취업박람회 졸업예정자 채용,올해 취업박람회에는 덕수고 동문 기업  개가 참여한다  덕수고 내 특성화 계열 글로벌경영과  금융회계과  컴퓨터정보과 졸업예정자와 졸업자  여명을 대상으로 현장 면접을 진행해 신입사원도 채용한다  참가 기업 ,1,0
441, 취업  위메프  신입 개발자 공개 채용,위메프가  년 신입 개발자를 공개 채용한다고  일 밝혔다  채용 분야는  모바일 및   환경의 웹 앱 서비스 개발             등이다  채용 인원은 두 자릿수 규모다  신입 또는 개발 ,0,0
442,홈플러스   년 만에 초대졸 신입사원 뽑는다,극심한 취업난을 겪고 있는 초대졸  취준생 들의 일자리를 마련하기 위해 이같은 신입사원 공개채용을 진행하게 됐다  이번 초대졸 공채를 통해  명 내외 규모로 인력을 선발   개월 간의 인턴기간을 거친 후 평가를 ,1,1
443,한전  신입사원 채용 및 고졸자 취업 지원 인턴십 시행,한전 사장 박성철 은  신입사원 채용  및  고졸자 취업 지원 사내 인턴십 을 추진한다고 밝혔다  한전 은 코로나 로 인해 침체된 고용시장과 경제위기 극복을 위해  일 회사 홈페이지 및 공공기관 경영정보 ,0,0
444,올해 신입사원 합격스펙 인턴경험 줄고 영어말하기 늘어,경험하고 취업스펙을 높일 수 있는 인턴십 기회가 예년보다 적었고  자격증 취득 시험 일정 연기나 해외 체류  어학연수 기회가 상실되면서 올해 신입사원의 평균 합격스펙에 다소 변화가 나타난 것으로 보인다 고 ,1,1
445,구직자  명 중  명  취업 사교육 필요해 ,구인구직 매칭 플랫폼 사람인 대표 김용환 이 신입 구직자  명을 대상으로  취업 사교육에 대한 생각 을 조사한 결과   가  필요하다 고 답했다  이렇듯 취업 사교육이 필요하다고 생각하는 구직자가 많은 ,1,0
446,신입구직자 상반기 취업목표 대기업  위  카카오 ,신입구직자 상반기 취업목표 기업  위 카카오   잡코리아신입직 취업을 준비하는 취업준비생  명중  명이 상반기 대기업 신입직 채용에 지원할 것이라 답했다  이들은 입사지원 할 대기업으로  카카오 를  위로 ,1,1
447,중앙대 글로벌인적자원개발대학원    전반기 석사 신입생 모집,선정돼 취업역량을 강화하기 위한 다양한 프로그램들을 제공하고 있다  신입생과 재학생을 위한 장학 혜택도 풍성하다  일정 기준을 충족하면 동종업계 재직자를 위한 특성화장학금 지급하며 재학성적우수자에게는 ,0,0
448,광주은행   년 신입행원 입교식 가져,광주은행은 매년 신입행원 채용에 있어 전체 채용인원의   이상을 광주 전남지역 출신으로 할당 선발함으로써 지역의 취업난 해소에 이바지함에 따라 올해도 전체  명 중  명을 지역 출신으로 선발했으며 ,0,0
449,한전  신입사원 채용 고졸자 취업  청년고용 지원,광주전남공동혁신도시에 위치한 한전  본사 한전 사장 박성철 은 청년고용 확대를 위해 신입사원 채용 및 고졸자 취업 지원 사내 인턴십을 추진한다   일 한전 에 따르면 코로나 로 인해 침체된 고용시장과 ,0,0
450,조폐공사  하반기 일반 및 고졸전형 신입직원  명 채용,한국조폐공사 대전시 가  년도 하반기 일반 및 고졸전형 신입직원 채용형 인턴  채용원서를  일부터  조폐공사는 코로나  상황에 대응해 비대면   온라인 채용방식 확대 등 채용절차를 대폭 간소화  취업준비생들 ,0,0
451,한전   취업꿀팁  유튜브 공개 올해  명 채용 ,이번 영상은 모두  편으로 만들어졌으며  편에는 신입사원들의 취업 준비 과정과 필기시험  경험담  채용담당자가 말해주는 자기소개서 작성 요령 등이 담겼다  다음 주에 공개되는  편에서는 신입사원들의 면접 ,0,1
452,좋은 대학이란 취업률 아니라 혁신 ,학생들의 취업률은 몇 퍼센트인지가 중요합니다  원래 큰 대학 원래 잘 하는 대학들이 유리한  신입생의 퍼센트는 거의 절반 가까이가 해외로 나갑니다  그래서 이 대학이 받은 상이 올해의 국제 ,1,1
453,조폐공사  하반기 신입직원 채용 이달 원서접수,한국조폐공사가 이달 하반기 신입직원 채용에 나선다  조폐공사는  일 일  년 하반기 일반 및  간소화함으로써 취업준비생의 부담을 줄인다  전형에서 최종 합격한 응시자는  개월간의 인턴과정을 거친 후 ,1,1
454,  핵심인력 양성  취업률   장학 혜택  ,학기당  만원의 저렴한 등록금 년제 사립대학의  수준 과  에 이르는 높은 취업률   의 풍부한 장학 혜택이 장점이다   학년도 신입생 수시  차 모집  폴리텍대가  월  일까지  학년도 신입생 수시  차 ,0,0
455, 기획취재 공모전 당선작    억 들여 비행면허 땄지만 취업 올스톱 갈림길 선 조종사들,국내 항공사들은 신입 부기장을 뽑을 때 대한민국 사업용 조종사 면허소지자를 자격조건으로 두기 때문에  항공 취업시장은 점점 도박판이 돼가고 있다  조종사 대신 교관의 길을 선택하기도 한다  미국 비행학교에서 ,0,0
456,한전  신입사원 채용 및 고졸자 취업 지원,한전 은 신입사원 채용 및 고졸자 취업 지원 사내 인턴십을 추진한다고  일 밝혔다  한전 은 코로나 로 인해 침체된 고용시장과 경제위기 극복을 위해 이날부터 회사 홈페이지 및 공공기관 경영정보 공개시스템 ,0,0
457,코로나 로 얼어붙은 취업시장 신입 채용공고   감소,다행스러운 소식은 취업시장의 전반적인 분위기가 얼어 붙고 신입 채용은 거의 절벽에 내몰린 상황이지만  상반기 신입사원 채용 진행을 발표하며 일자리 창출에 나선 기업도 있다  먼저 코로나  사태로 채용 일정을 ,0,0
458,광주은행  신입행원 입교식 가져,광주은행은 매년 신입행원 채용에 있어 전체 채용인원의   이상을 광주 전남지역 출신으로 할당 선발함으로써 지역의 취업난 해소에 이바지함에 따라 올해도 전체  명 중  명을 지역 출신으로 선발했으며 ,0,0
459,쿠팡서 개발자로 일하실 분 오세요 신입 개발자 채용   일까지 지원서 접수,영상에는 로켓배송 개발총괄을 맡고 있는 전준희 부사장을 포함해 쿠팡에서 근무하고 있는 개발자들이 여러명 등장해 취업준비와 면접 노하우  쿠팡의 개발문화  복지혜택 등 신입 개발자들이 궁금해하는 정보들을 ,0,0
460,한전  취업꿀팁 유튜브 공개 올해  명 채용 ,영상은 모두  편으로 만들어졌으며  편에는 신입사원들의 취업 준비 과정과 필기시험  경험담  채용담당자가 말해주는 자기소개서 작성 요령 등이 담겼다  다음 주에 공개되는  편에서는 신입사원들의 면접 후기와 ,0,1
461,   인천공항 정규직화  취업준비생 일자리와 무관 ,공사에 취업준비를 하는 분들의 일자리와는 관련이 없다 고 밝혔다  황 수석은 이날 오전   라디오  기존에 비정규직으로 채용돼 보안검색 업무를 하고 있는 근로자를 정규직으로 전환하는 것과 신입 공채 전형은 전혀 ,0,0
462,조폐공사  하반기 일반 고졸전형 신입직원 채용,한국조폐공사가  년도 하반기 일반 및 고졸전형 신입직원 채용형 인턴  채용 원서를 오는  일까지  조폐공사는 코로나  상황에 대응해 비대면 온라인 채용방식 확대 등 채용절차를 대폭 간소화  취업준비생들의 ,0,0
463,신입 구직자  명 중  명  취업스트레스 매우 높다 ,또 신입직 구직자 중 취업스트레스가 높다 매우높다  높은편  는 응답자도  로 절반이상으로 많았다  경력직 구직자 중 취업스트레스가 높다는 응답자도  매우높다  높은편  로 ,0,0
464, 저축은행  대졸신입 수시채용 온라인 설명회 진행,채용정보  취업 준비에 필요한 각종 정보와 팁을 제공할 예정이다  뿐만 아니라 인사담당자와의 실시간 채팅을 통해 채용에 대한 궁금점을 바로 해결할 수 있다  대졸신입 수시채용은 온라인으로 접수할 수 있으며 ,0,1
465, 신입사원 대 는 옛말 신입채용 지원자  는  대,신입사원의 나이가 많아지는 이유로 절반 이상 복수응답 이  취업난이 이어지고 있어서 라고 봤다  이어  스펙을 쌓느라 시간이 많이 걸려서   중고 신입이 늘어나서   지원자 눈높이가 ,1,1
466,신입 구직자    비정규직 취업 의향 ,뉴스토마토   신태현 기자   코로나  여파로 취업 시장이 얼어 붙으면서 신입 구직자 과반은 비정규직으로라도 취업을 원하는 것으로 나타났다  근무 형태의 눈높이를 낮춘만큼 급여 기대치도 낮아진 모양새였다 ,1,0
467, 저축은행  인원 전공 제한없다 대졸신입 수시채용 진행,뉴데일리 전상현 기자    저축은행이  년 대졸신입 수시채용  전형을 진행한다고  일 밝혔다  기업정보 채용정보 취업 준비에 필요한 각종 정보와 팁을 제공한다  인사담당자와의 실시간 채팅을 통해 채용에 ,0,1
468,스타트업 취업 의향 구직자 늘었다,잡코리아 관계자는  신입 취업을 준비하는  밀레니얼 구직자들에게 스타트업의 자유로운 근무분위기와 워라밸 보장 등 조건이 장점으로 다가온 것으로 보인다 고 설명했다  신입 구직자들이 스타트업 취업 시 ,0,1
469,서울 용산구  경비원 자격 취득부터 취업까지 원스톱 추진,서울 용산구 구청장 성장현 는  년 구 일자리기금 민관협력 지원사업일환으로 일반 경비원 신입교육  취업과정 참여자를 모집해 운영할 계획이라고  일 밝혔다  용산구 지역내 청년  중장년층과 경력단절 여성 ,1,1
470,대구경북 지역대 사활건 신입생 확보전,구미대는 신입생들의 취업과 창업을 연계한 진로설계장학금 제도를 도입해 많게는 등록금 전액을 지원하고 경운대는 신설학과인 항공물류학과 신입생들에게는  년간 수업료를 면제해 주기로 했습니다  이밖에 다른 ,0,0
471, 광양하이텍고등학교   년 신입생 모집,광양하이텍고 교장 강수원 가  월  일부터  일까지  년 신입생을 모집한다  광양하이텍고는 전국에  산업체 취업경쟁력을 확보해 중견 기술인으로서의 역량을 육성한다  지원 자격은  년  월 전라남도 소재 ,0,0
472, 후배들 일자리 책임집니다 덕수고  동문기업 취업박람회 개최,올해 취업박람회에는  개 동문기업이 참여해 현장에서 면접을 진행   여명을 신입사원으로 채용할 계획이다  덕수고등학교 출신 기업 인사업무담당 임원직이 이력서 자기소개서 작성 요령  면접 대비 방법 등 교육을 ,0,1
473,금감원  채용설명회는  유튜브 로 생생 취업 후기 전달 , 부에서는 금감원 채용담당자가 채용 절차와 모집요강  유의사항 등을 안내하고  부에서는 올해 입사한 신입직원  명이 취업 후기를 전달한다  이들 직원들의 직렬은 경영  경제  법학    등이며 실시간 채팅을 통해 ,1,1
474,홈플러스  슈퍼마켓 부문  익스프레스  초대졸 신입사원 공채,극심한 취업난을 겪고 있는 초대졸 취준생들의 일자리를 마련하기 위해 이 같은 신입사원 공개채용을 진행하게 됐다  신규채용 자체가 불투명한 유통업계의 사업환경 속에서도 성장하는 사업에는 과감히 인력을 ,1,0
475,현대모비스  하반기 신입 채용 돌입  실시간 소통 온라인 설명회 운영,해당 온라인 채용설명회는 취업 전문 사이트  잡플렉스 를 통해 참여할 수 있다  사이트 접속 후 실시간 영상 링크를 통해 시청 가능하다  영상은 하반기 신입 채용 주요 내용을 알려주는  채용정보 집 과 ,1,1
476,따뜻한 동행 토닥토닥  취업자들의 사후관리도 ,정남훈 교육체육과장은  따뜻한 동행 토닥토닥 멘토링사업은 신입 및 재 취업여성과 선배 취업여성들이 서로 소통하고 협력할 수 있는 기회의 장이 될 사업 이라면서  이 사업 추진을 통해 고용유지를 더욱 강화하고 ,1,1
477, 대졸 신입은  대 외환위기 때보다  살 많아져,인크루트 서미영 대표는  취업난으로 졸업을 미루는 대학생이 많아지고  구직 준비 기간이 길어지는 만큼 첫 취업 연령대가 높아지는 추세 라며  취업 후 다시 신입으로 입사하는 중고신입도 늘고 있어 나이가 ,0,1
478, 취업 한파 에 대졸 예정자  명 중  명만 정규직 취업 인문계는 더 심해, 명 중  명만이 정규직 신입 사원 자리를 찾는 취업 시장 한파가 계속되고 있는 모습이다  전공 계열별 취업 동향을 살펴보면 인문계열의 경우 정규직 취업률이 이공계열의 절반 이하에 불과했다  이번 조사에서 ,0,1
479, 대졸 신입은  대 외환위기때보다  살 높아져,서미영 인크루트 대표는  취업난으로 졸업을 미루는 대학생이 많아지고  구직 준비 기간이 길어지는 만큼 첫 취업 연령대가 높아지는 추세 라며  취업 후 다시 신입으로 입사하는 중고신입도 늘고 있어 나이가 ,0,1
480,롯데  디지털 전환 주도할  부문  신입 공채 ,롯데는 롯데정보통신 롯데홈쇼핑 롯데지알에스 롯데칠성음료  개사가 참여하는  부문 신입사원  롯데는 이번 채용과 관련해 인사 직무 담당자들이 취업 희망자들을 상담해주는  잡카페 를  월 중 온라인으로 ,1,1
481,광주은행   년 신입 행원  여명 공채,광주은행은 올해 신입 행원  여명을 뽑는다고  일 밝혔다  중견 년제 대졸 과 초급 행원 고졸 이며  광주은행은 전체 채용인원의   이상을 광주전남지역 출신으로 할당 선발해 지역의 취업난 해소에 이바지하고 ,0,0
482,강원도교육청  특성화고 신입생  명 모집,강원도교육청이 다음 달  월   일부터 특성화고 신입생  천  명을 특별전형과 일반 전형으로 구분해  강원도교육청은 직업계고의 전문 기술인 양성을 위해 직업계고 지원 취업 활성화 방안을 마련해 적극 지원할 ,0,0
483,이젠 신입도 수시채용이 대세  하반기 수시   공채  첫 역전 ,기업들은 그 이유로 경기침체에 코로나 악재까지 맞아 대규모 신입 채용을 할 여건이 안 된다고 입을 모았다   일 취업포털 인크루트가  곳의 상장사를 대상으로  년 하반기 대졸 신입사원 채용방식 을 ,0,1
484,공병영 충북도립대 총장 신입생 유치 팔 걷어,그는 도립대의 다양한 장학 제도와  만 원 미만의 저렴한 등록금 등을 알리고 대학이 운영하는 학과와 취업 전망 등을 소개했다  공 총장은 충북산업과학고와 옥천고  청주공업고 등을 잇달아 방문해 매년 신입생 ,0,1
485,신입사원  명 중  명  퇴사 고민 개월이면 결정, 일 취업포털 인크루트는 입사  년차 미만 신입사원  명을 대상으로  퇴사결심 시기 및 이유 에 대해 조사한 결과를 발표했다  설문에 참여한 신입사원 가운데  가 퇴사를 고민해봤다고 답했다  그 이유 ,0,0
486,기업  곳 중  곳  신입사원 연령 높아져   대 이상 채용한 기업도  ,취업 시장이 갈수록 얼어붙으면서 기업들의 신입사원 연령도 높아지는 것으로 나타났다  취업포털 사람인이 기업  개사를 대상으로  신입사원 연령 변화 를 조사한 결과   곳 중  곳 이 신입사원의 연령이 ,1,0
487,강원도교육청  특성화고 신입생  명 모집,강원도교육청이 다음 달  월   일부터 특성화고 신입생  천  명을 특별전형과 일반 전형으로 구분해  강원도교육청은 직업계고의 전문 기술인 양성을 위해 직업계고 지원 취업 활성화 방안을 마련해 적극 지원할 ,0,0
488,덕수고 동문 우수기업 취업박람회,졸업예정자 등을 대상으로 현장 면접을 진행해 신입사원도 채용한다   일 서울 성동구 덕수고등학교 강당에서 열린   덕수고 동문 우수기업 취업박람회 에서 졸업예정자들이 각 부스에서 현장 면접을 보고 있다 ,1,1
489, 노력 없어도 정규직  불공정 취업시장에 격분하는 고시촌 취준생들,노량진 학원가 거리에서 만난  세 조모씨는  대학 졸업하고 공기업만 준비하다  년이 넘었는데 단기 계약직만 해보고 정규직은 다 떨어졌다 라며  일반 기업에 신입으로 취업할 나이마저 놓쳐서 갈 곳도 없는데 인천공항 ,0,0
490,민형배 의원  산은 신입연봉  천 만원  금융공기업  위 ,같은 해 인크루트 자료를 보면 신입사원 예상 초임은 대기업  천 만원  중견기업  천 만원  중소기업  천 만원이었다  민 의원은  취업준비생에게  꿈의 직장 으로 불리는 금융 공공기관은 높은 임금만큼 ,0,1
491,  신입 경력  명 대규모 채용, 는 코로나 로 침체된 취업시장에 활력을 불어넣기 위해  급 신입직원  명   급 경력직원  명 등 총  명의 대규모 채용을 실시한다고  일 밝혔다  채용일정은  일 모집공고를 시작으로  월 일 월 일 원서 ,0,0
492, 대 그룹 중  곳만 상반기 신입공채 실시 ,현대 기아차그룹도 지난해부터 대졸공채를 없애고 수시채용을 하고 있다  서미영 인크루트 대표는  대기업들의 공채가 줄면서 신입사원들의 취업시장이 더욱 좁아질 전망 이라고 말했다 ,0,1
493, 이지 보고서  상반기 신입 취업 성공률  전년   ,잡코리아와 알바몬은 올 상반기 구직활동을 했던 대졸 신입직 구직자  명을 대상으로  년 상반기 대졸 신입직 취업 성공률 현황 에 대해 조사한 결과  이같이 나타났다고  일 밝혔다  조사에 따르면 취준생 ,1,0
494, 그룹  하반기 신입 공개 채용 온택트 방식, 는 주요 그룹들이 잇따라 공채를 축소 및 폐지하고 수시 채용으로 전환하는 등 취업준비생들이 극도의 취업난을 경험하고 있다는 점을 감안해 공개 채용을 결정했다   는 매년 하반기 신입사원 공개채용을 진행해 ,0,0
495,취업 가뭄이라는데  네이버 카카오  명 뽑는다,최악 취업난인데 개발자는 구인난 네이버는 다음 달  일부터 신입 개발자 공개 채용을 시작한다  상반기 공채를 포함하면 전체 채용 규모는 지난해와 비슷한  명이 될 것으로 보인다  네이버는  우수 인력이 많으면 ,1,0
496, 대 그룹 상반기 신입 공채 단 네 곳,서미영 인크루트 대표는  경기침체에다 코로나 여파로 대기업들의 공채가 줄면서 채용 규모 감소로 이어질 것이라는 우려가 나온다 며  신입사원들의 취업시장이 더욱 바늘구멍이 될 가능성이 커졌다 고 말했다 ,1,0
497,올해 신입구직자    취업재수 할 것 ,잡코리아 대표이사 윤병준 와 알바몬이 올해 취업활동을 한 신입직 구직자  명을 대상으로  취업재수 계획 에 대해 조사한 결과 올해 신입직 취업에 성공하지 못한 구직자  명 중  명에 이르는  가  취업 ,1,0
498,코로나 취업난에 구직자  명 중  명  비정규직이라도 취업할래 ,코로나 의 강타로 취업 시장이 얼어 붙으면서 신입 구직자 절반 이상은 비정규직으로라도 취업을 원하는 것으로 나타났다  구인구직 매칭 플랫폼 사람인 대표 김용환 이 신입 구직자  명을 대상으로 ,0,0
